TransactionAmount,CustomerAge,TransactionDuration,LoginAttempts,AccountBalance,Cluster,Channel,TransactionType,CustomerOccupation
14.09,70.0,81.0,1.0,5112.21,0,ATM,Debit,Doctor
376.24,68.0,141.0,1.0,13758.91,0,ATM,Debit,Doctor
126.29,19.0,56.0,1.0,1122.35,1,Online,Debit,Student
184.5,26.0,25.000000000000004,1.0,8569.06,1,Online,Debit,Student
13.45,26.0,198.0,1.0,7429.4,1,Online,Credit,Student
92.15,18.0,172.0,1.0,781.68,1,ATM,Debit,Student
7.08,37.0,139.0,1.0,13316.71,0,ATM,Credit,Doctor
171.42,67.0,291.0,1.0,2796.24,3,Branch,Credit,Retired
106.23,51.0,86.0,1.0,9095.14,2,Branch,Credit,Engineer
815.96,55.0,120.0,1.0,1021.8800000000001,0,ATM,Debit,Doctor
17.78,52.0,59.00000000000001,1.0,7599.5199999999995,2,Online,Credit,Engineer
190.02,21.0,173.0,1.0,1528.81,1,Online,Debit,Student
494.52,24.0,111.0,1.0,1620.02,1,Branch,Credit,Student
781.76,26.0,123.0,1.0,189.69,1,ATM,Debit,Student
166.99,18.0,134.0,1.0,299.93,1,Online,Debit,Student
465.45,36.0,129.0,1.0,3465.54,2,ATM,Debit,Engineer
555.8,19.0,158.0,1.0,1131.26,1,Branch,Credit,Student
492.93,39.0,234.0,1.0,5109.97,2,Online,Debit,Engineer
18.68,59.0,106.0,1.0,7948.369999999999,3,Branch,Credit,Retired
71.48,18.0,169.0,1.0,6568.59,1,Online,Credit,Student
59.32,71.0,37.99999999999999,1.0,5750.89,3,Branch,Debit,Retired
85.77,38.0,93.0,1.0,9146.19,0,Branch,Debit,Doctor
52.2,39.0,120.0,1.0,8974.93,2,Online,Debit,Engineer
345.84,22.0,142.0,3.0,1402.5,1,Online,Debit,Student
145.54,21.0,96.0,1.0,1930.96,1,Online,Debit,Student
7.49,65.0,276.0,1.0,3634.67,3,Online,Credit,Retired
246.93,23.0,158.0,5.0,673.3499999999999,1,ATM,Debit,Student
40.32,37.0,95.0,1.0,2686.52,2,Branch,Debit,Engineer
127.45,44.0,197.0,1.0,1772.06,0,Online,Debit,Doctor
56.17,27.0,283.0,1.0,1351.69,1,Branch,Debit,Student
28.31,59.0,20.0,1.0,8334.47,0,Online,Credit,Doctor
59.12,29.0,257.0,1.0,9823.64,0,ATM,Debit,Doctor
396.45,49.0,168.00000000000003,3.0,9690.15,2,ATM,Debit,Engineer
877.81,22.0,150.0,1.0,399.0,1,Online,Debit,Student
255.26,45.0,50.00000000000001,1.0,14815.87,0,Branch,Credit,Doctor
124.76,49.0,45.0,1.0,5764.72,2,Branch,Debit,Engineer
78.13,26.0,145.0,1.0,900.61,1,Branch,Debit,Student
649.28,75.0,137.0,1.0,4875.86,3,ATM,Debit,Retired
795.31,66.0,90.0,2.0,7914.879999999999,0,ATM,Debit,Doctor
335.63,55.0,215.99999999999997,1.0,1019.39,3,Online,Debit,Retired
328.47,63.0,119.0,1.0,4323.66,3,ATM,Debit,Retired
34.02,38.0,18.999999999999996,1.0,14214.48,0,Online,Debit,Doctor
241.42000000000002,57.0,116.00000000000001,1.0,13357.02,0,Online,Credit,Doctor
55.32,19.0,117.0,1.0,241.79000000000002,1,ATM,Debit,Student
304.31,27.0,33.0,1.0,868.61,1,Branch,Debit,Student
435.27,74.0,90.0,1.0,4673.28,3,Branch,Debit,Retired
164.49,26.0,75.0,1.0,1509.27,1,Branch,Debit,Student
510.23999999999995,19.0,105.0,1.0,781.7,1,Online,Debit,Student
626.9,26.0,138.0,1.0,265.51,1,Online,Debit,Student
22.01,41.0,175.0,1.0,1335.09,2,Online,Credit,Engineer
425.34,69.0,121.0,1.0,3907.5399999999995,3,Online,Credit,Retired
424.56,51.0,264.0,1.0,5183.85,2,Online,Debit,Engineer
85.43,67.0,145.0,1.0,14904.9,0,Branch,Debit,Doctor
169.5,28.0,142.0,1.0,918.8799999999999,1,Branch,Debit,Student
104.63,62.0,90.0,1.0,4477.78,3,ATM,Debit,Retired
316.95,25.0,83.0,1.0,1324.03,1,Branch,Debit,Student
60.540000000000006,57.0,52.00000000000001,1.0,3534.93,3,Branch,Credit,Retired
292.56,68.0,61.00000000000001,1.0,4638.37,3,Branch,Credit,Retired
386.52,48.0,28.0,1.0,5630.61,2,Branch,Debit,Engineer
112.07,23.0,51.00000000000001,1.0,930.3,1,Branch,Debit,Student
568.52,46.0,151.99999999999997,1.0,5499.91,2,ATM,Debit,Engineer
263.99,79.0,227.0,2.0,4175.02,3,Branch,Debit,Retired
349.64,48.0,226.0,1.0,6651.62,2,Online,Debit,Engineer
601.4,56.0,104.0,1.0,8458.29,2,Branch,Credit,Engineer
5.77,50.0,123.99999999999999,1.0,13988.12,0,Online,Debit,Doctor
201.33,42.0,186.0,1.0,2585.07,2,Branch,Credit,Engineer
298.42,56.0,225.0,1.0,3014.75,3,Branch,Debit,Retired
521.06,25.0,128.0,1.0,1951.42,1,Branch,Debit,Student
117.28,60.0,16.0,1.0,3665.77,2,Online,Credit,Engineer
189.12,32.0,103.0,1.0,977.01,2,Branch,Credit,Engineer
133.55,44.0,220.0,1.0,3846.2800000000007,2,ATM,Debit,Engineer
143.21,35.0,135.0,1.0,6374.82,2,Online,Debit,Engineer
24.77,62.0,55.0,1.0,5866.01,3,ATM,Debit,Retired
233.92,26.0,280.0,1.0,6537.62,1,Online,Credit,Student
1212.51,20.0,24.0,1.0,605.9499999999999,1,Branch,Debit,Student
232.12,37.0,51.00000000000001,1.0,6689.87,2,ATM,Debit,Engineer
162.63,22.0,113.0,1.0,634.17,1,Online,Debit,Student
91.53,44.0,69.00000000000001,1.0,14676.05,0,Branch,Debit,Doctor
120.29,19.0,77.0,1.0,1362.39,1,Branch,Debit,Student
174.25,50.0,67.0,1.0,10528.34,0,Online,Debit,Doctor
183.71,38.0,102.0,1.0,552.52,2,ATM,Debit,Engineer
345.39,58.0,80.0,1.0,6451.96,2,Online,Credit,Engineer
922.55,63.0,87.0,1.0,4715.84,3,ATM,Debit,Retired
259.91,49.0,170.0,1.0,7176.86,0,Online,Debit,Doctor
154.71,34.0,157.0,1.0,1523.72,0,Online,Debit,Doctor
1340.19,54.0,30.0,1.0,8654.28,2,Online,Credit,Engineer
24.56,64.0,69.00000000000001,1.0,9869.93,0,Branch,Debit,Doctor
568.07,48.0,115.0,1.0,10556.81,0,ATM,Debit,Doctor
9.61,58.0,179.0,1.0,12883.91,0,Online,Credit,Doctor
392.96,24.0,100.00000000000001,1.0,791.65,1,Online,Debit,Student
716.93,60.0,34.0,1.0,4064.02,3,Online,Credit,Retired
223.85,53.0,55.0,4.0,2929.91,2,ATM,Debit,Engineer
230.66,21.0,135.0,1.0,618.05,1,Branch,Debit,Student
442.12,19.0,260.0,1.0,1375.8,1,Online,Debit,Student
644.17,29.0,72.0,1.0,1143.52,2,ATM,Debit,Engineer
508.67999999999995,51.0,127.0,1.0,7708.41,2,Branch,Credit,Engineer
858.63,27.0,185.0,1.0,1872.96,1,Branch,Credit,Student
25.36,57.0,78.0,1.0,201.04,2,ATM,Debit,Engineer
147.62,71.0,133.0,1.0,2115.8,3,Branch,Debit,Retired
115.02,37.0,175.0,1.0,7643.66,0,Branch,Debit,Doctor
383.37,30.0,24.0,1.0,8901.93,2,Branch,Debit,Engineer
98.54,20.0,167.0,1.0,9383.43,1,Online,Credit,Student
83.24,55.0,164.0,1.0,1181.31,0,Branch,Credit,Doctor
196.16,27.0,146.0,1.0,9418.86,2,Branch,Debit,Engineer
129.94,32.0,235.0,1.0,7954.919999999999,2,ATM,Debit,Engineer
306.9,46.0,51.00000000000001,1.0,9418.08,2,Online,Debit,Engineer
114.98,59.0,80.0,1.0,6144.68,3,Online,Debit,Retired
756.59,27.0,17.0,1.0,420.65,1,Branch,Debit,Student
503.76000000000005,22.0,35.0,1.0,447.82,1,Online,Debit,Student
143.03,63.0,147.0,1.0,7981.450000000001,3,ATM,Debit,Retired
1045.22,53.0,73.0,1.0,1829.9,3,ATM,Debit,Retired
245.54,25.0,180.0,1.0,985.0600000000001,1,ATM,Debit,Student
254.37000000000003,51.0,174.0,1.0,8849.26,2,Online,Credit,Engineer
213.76,78.0,282.0,1.0,3528.72,3,ATM,Credit,Retired
327.86,40.0,104.0,1.0,480.16,2,Online,Debit,Engineer
2.5,47.0,107.0,1.0,12145.27,0,Online,Debit,Doctor
300.08,68.0,47.0,1.0,13546.75,0,Online,Credit,Doctor
56.98,43.0,122.0,2.0,5688.37,2,ATM,Credit,Engineer
407.65,26.0,61.99999999999999,1.0,8346.64,2,Online,Debit,Engineer
115.83,39.0,167.0,1.0,6481.04,2,Branch,Debit,Engineer
53.57,69.0,121.0,1.0,1651.33,3,ATM,Debit,Retired
63.34,46.0,165.0,1.0,11174.94,0,Online,Credit,Doctor
317.87,27.0,91.0,1.0,145.5,1,Online,Debit,Student
331.65,41.0,61.00000000000001,1.0,4172.57,2,Online,Debit,Engineer
5.04,56.0,41.0,1.0,5558.36,3,ATM,Debit,Retired
214.54,70.0,247.0,1.0,11151.53,0,Online,Credit,Doctor
598.81,57.0,158.0,1.0,1415.52,0,Branch,Debit,Doctor
841.28,26.0,80.0,1.0,1103.64,1,Online,Debit,Student
38.15,26.0,107.99999999999999,1.0,303.68,1,Online,Debit,Student
1036.66,58.0,144.0,1.0,5541.57,0,Branch,Debit,Doctor
124.72,33.0,105.0,1.0,6309.8,2,Branch,Debit,Engineer
302.45,78.0,40.0,1.0,5133.61,3,Branch,Credit,Retired
208.04,47.0,273.0,1.0,9344.98,2,Online,Debit,Engineer
5.77,23.0,254.0,1.0,1117.97,1,Branch,Credit,Student
381.33,56.0,75.0,1.0,11835.35,0,ATM,Debit,Doctor
16.16,50.0,123.99999999999999,1.0,14401.17,0,ATM,Debit,Doctor
486.0799999999999,18.0,68.00000000000001,1.0,1748.69,1,Online,Debit,Student
336.39,21.0,18.0,1.0,1000.46,1,Branch,Debit,Student
997.4299999999998,69.0,118.0,1.0,6810.05,0,Online,Debit,Doctor
234.57,23.0,120.0,1.0,263.98,1,Online,Debit,Student
6.0,30.0,246.0,1.0,5442.76,0,Online,Debit,Doctor
1049.92,80.0,21.000000000000004,1.0,2037.85,3,ATM,Debit,Retired
227.14,18.0,294.0,1.0,341.94,1,ATM,Debit,Student
233.74,66.0,17.0,1.0,1066.59,3,Online,Credit,Retired
113.02,69.0,166.0,1.0,6077.96,3,Branch,Credit,Retired
45.85,20.0,91.99999999999999,1.0,1659.15,1,ATM,Debit,Student
973.3899999999999,77.0,296.0,1.0,2042.22,3,Branch,Debit,Retired
514.95,41.0,142.0,5.0,421.93,0,Online,Debit,Doctor
415.5,66.0,141.0,1.0,10113.66,0,ATM,Debit,Doctor
265.76,54.0,91.99999999999999,1.0,4446.17,3,Online,Debit,Retired
69.4,80.0,113.0,1.0,6452.77,3,Online,Debit,Retired
332.93,35.0,293.0,1.0,2788.2,2,Branch,Credit,Engineer
267.9,20.0,160.0,1.0,596.1599999999999,1,Online,Debit,Student
496.0299999999999,61.0,265.0,1.0,12904.66,0,Branch,Debit,Doctor
376.26,37.0,245.0,1.0,9062.4,2,ATM,Debit,Engineer
83.02,36.0,171.0,1.0,9009.56,2,Online,Credit,Engineer
93.26,20.0,72.0,1.0,1152.2,1,Online,Credit,Student
803.37,68.0,129.0,1.0,12168.37,0,Branch,Credit,Doctor
35.76,23.0,122.0,1.0,611.8599999999999,1,Branch,Debit,Student
28.53,62.0,99.0,1.0,8670.53,0,Online,Debit,Doctor
139.53,53.0,177.0,1.0,10098.86,0,Online,Credit,Doctor
307.57,33.0,285.0,1.0,5307.74,0,Branch,Debit,Doctor
60.650000000000006,56.0,53.00000000000001,1.0,1047.28,3,Branch,Credit,Retired
74.86,70.0,125.0,1.0,6921.48,0,Branch,Debit,Doctor
117.97,51.0,137.0,1.0,1475.46,3,Branch,Debit,Retired
231.91,34.0,165.0,1.0,112.76,2,ATM,Debit,Engineer
126.20999999999998,75.0,268.0,1.0,5669.66,3,Branch,Debit,Retired
506.28,53.0,162.0,2.0,1309.95,3,Online,Credit,Retired
304.35,31.0,36.0,1.0,4057.1,2,Branch,Debit,Engineer
281.85,22.0,109.0,1.0,1585.98,1,ATM,Debit,Student
777.88,31.0,17.0,1.0,6825.55,2,Branch,Debit,Engineer
119.18,56.0,96.0,1.0,5516.5,3,Branch,Debit,Retired
177.19,76.0,43.0,1.0,5343.3,3,Online,Debit,Retired
260.88,22.0,36.0,1.0,903.05,1,Branch,Debit,Student
169.47,24.0,18.999999999999996,1.0,1806.16,1,Online,Debit,Student
73.23,26.0,14.0,1.0,787.7399999999999,1,Branch,Debit,Student
1362.55,29.0,106.0,1.0,2429.68,2,ATM,Debit,Engineer
792.57,19.0,164.0,1.0,770.37,1,ATM,Debit,Student
237.06,71.0,45.99999999999999,1.0,1182.77,3,Online,Debit,Retired
34.17,54.0,53.99999999999999,1.0,726.55,2,Online,Credit,Engineer
740.25,41.0,123.0,1.0,14464.3,0,Online,Debit,Doctor
453.54,58.0,82.0,1.0,12046.3,0,ATM,Debit,Doctor
300.47,73.0,100.00000000000001,1.0,7885.64,3,Branch,Debit,Retired
110.93,19.0,201.0,1.0,1952.3499999999997,1,Branch,Credit,Student
201.69,59.0,299.0,1.0,7328.52,0,ATM,Debit,Doctor
399.21,59.0,109.0,1.0,3210.39,2,ATM,Debit,Engineer
1041.88,78.0,57.0,1.0,5726.2,3,Online,Debit,Retired
630.36,62.0,52.00000000000001,1.0,1363.65,3,ATM,Debit,Retired
10.94,60.0,245.0,1.0,1241.99,2,ATM,Credit,Engineer
215.9,38.0,235.0,1.0,7873.280000000001,0,ATM,Debit,Doctor
1422.55,79.0,165.0,1.0,5674.32,3,Branch,Debit,Retired
226.37,49.0,141.0,1.0,9840.04,0,Branch,Credit,Doctor
444.89,43.0,101.0,1.0,10328.23,0,Branch,Credit,Doctor
280.57,25.0,24.0,1.0,293.24,1,Online,Credit,Student
488.54,52.0,132.0,1.0,7486.63,2,Branch,Debit,Engineer
3.3,50.0,131.0,1.0,11385.37,0,Branch,Credit,Doctor
199.39,69.0,165.0,1.0,7264.79,3,Branch,Debit,Retired
20.36,62.0,75.0,1.0,2762.48,3,Branch,Debit,Retired
113.64,62.0,32.0,1.0,6675.03,3,Online,Debit,Retired
493.11,53.0,236.0,1.0,7432.99,3,Branch,Debit,Retired
307.41,19.0,14.0,1.0,1057.0,1,ATM,Debit,Student
11.18,43.0,161.0,1.0,5956.89,0,Online,Debit,Doctor
313.82,59.0,151.0,1.0,7261.59,2,Branch,Debit,Engineer
51.0,64.0,107.0,1.0,4943.16,3,Branch,Debit,Retired
140.98,60.0,100.00000000000001,1.0,8127.4800000000005,2,Branch,Debit,Engineer
288.04,68.0,63.0,1.0,1748.02,3,ATM,Debit,Retired
800.55,31.0,107.99999999999999,1.0,9660.22,2,ATM,Debit,Engineer
485.54,46.0,143.0,1.0,6371.51,2,ATM,Debit,Engineer
521.15,54.0,214.0,1.0,9442.47,0,ATM,Debit,Doctor
321.79,63.0,61.00000000000001,1.0,5959.2,3,ATM,Credit,Retired
304.93,65.0,158.0,1.0,13531.22,0,ATM,Debit,Doctor
432.08,40.0,145.0,1.0,11500.62,0,ATM,Debit,Doctor
694.2,61.0,72.0,1.0,1389.37,3,ATM,Debit,Retired
116.86,55.0,171.0,1.0,6706.56,2,ATM,Debit,Engineer
386.81,57.0,149.0,1.0,7175.29,0,Online,Credit,Doctor
74.88,25.0,202.0,1.0,420.67,1,ATM,Debit,Student
195.76,75.0,99.0,1.0,7323.53,3,Branch,Debit,Retired
134.7,50.0,106.0,1.0,8395.85,0,ATM,Debit,Doctor
890.24,33.0,161.0,1.0,5140.93,2,Online,Credit,Engineer
361.27,63.0,180.0,1.0,7945.57,0,ATM,Debit,Doctor
131.56,44.0,42.00000000000001,1.0,5873.54,0,Branch,Debit,Doctor
485.51,76.0,37.0,1.0,3074.45,3,Online,Credit,Retired
547.87,64.0,131.0,1.0,6155.76,3,ATM,Debit,Retired
457.3,28.0,15.0,1.0,8318.29,2,Online,Debit,Engineer
506.24,58.0,64.0,1.0,230.09,2,ATM,Debit,Engineer
486.59,57.0,119.0,1.0,2513.56,3,Branch,Debit,Retired
163.68,41.0,292.0,1.0,10090.05,0,Branch,Debit,Doctor
581.65,22.0,176.0,1.0,480.19000000000005,1,ATM,Debit,Student
52.01,48.0,85.0,1.0,1120.88,0,ATM,Debit,Doctor
630.24,21.0,61.99999999999999,1.0,370.81,1,ATM,Debit,Student
523.74,43.0,159.0,1.0,13498.55,0,ATM,Debit,Doctor
705.6,40.0,123.99999999999999,3.0,14804.7,0,Branch,Debit,Doctor
217.5,46.0,35.0,1.0,3057.4,2,Branch,Credit,Engineer
91.48,51.0,141.0,1.0,14942.779999999999,0,ATM,Debit,Doctor
5.25,39.0,49.0,1.0,14143.32,0,ATM,Debit,Doctor
54.03,56.0,161.0,1.0,6736.3,3,ATM,Credit,Retired
736.73,48.0,10.0,1.0,3313.07,2,Branch,Debit,Engineer
368.91,54.0,14.0,1.0,829.7099999999999,0,Branch,Debit,Doctor
33.06,53.0,170.0,1.0,1540.87,3,Online,Credit,Retired
66.5,32.0,144.0,1.0,6820.23,2,Online,Credit,Engineer
177.08,35.0,85.0,1.0,13475.14,0,Online,Debit,Doctor
588.54,32.0,130.0,1.0,714.4499999999999,2,Branch,Debit,Engineer
173.5,21.0,282.0,1.0,1306.91,1,ATM,Debit,Student
78.33,56.0,189.0,1.0,7255.33,2,Online,Credit,Engineer
40.66,59.0,156.0,1.0,1153.84,3,Branch,Debit,Retired
97.22,77.0,55.0,1.0,6647.73,3,Branch,Credit,Retired
34.07,22.0,81.0,1.0,8709.77,1,Branch,Debit,Student
492.06000000000006,23.0,74.0,1.0,857.9,1,Online,Debit,Student
842.01,53.0,185.0,1.0,509.45000000000005,0,Online,Credit,Doctor
73.55,51.0,158.0,1.0,2812.06,2,ATM,Debit,Engineer
760.53,57.0,118.0,1.0,6179.91,2,Online,Debit,Engineer
273.08,26.0,134.0,1.0,6609.3,2,Branch,Credit,Engineer
371.69,67.0,143.0,1.0,3484.32,3,Branch,Debit,Retired
218.96,18.0,13.0,1.0,754.21,1,ATM,Debit,Student
227.39,18.0,65.0,1.0,751.09,1,Online,Debit,Student
237.99,39.0,86.0,1.0,8510.09,0,Branch,Credit,Doctor
186.6,58.0,13.0,1.0,1508.72,0,Online,Debit,Doctor
341.15,18.0,148.0,1.0,511.36999999999995,1,Online,Debit,Student
434.58,59.0,215.0,1.0,12648.32,0,ATM,Debit,Doctor
312.88,54.0,44.0,1.0,233.21,2,Branch,Credit,Engineer
75.15,23.0,154.0,1.0,1092.92,1,ATM,Debit,Student
23.3,59.0,161.0,1.0,6711.15,2,ATM,Debit,Engineer
47.38,25.0,61.00000000000001,1.0,459.37,1,Online,Credit,Student
512.81,79.0,30.0,1.0,6994.34,3,Branch,Debit,Retired
488.15000000000003,43.0,168.00000000000003,1.0,7071.09,2,Branch,Debit,Engineer
12.82,44.0,156.0,1.0,9045.19,2,ATM,Debit,Engineer
66.9,79.0,129.0,4.0,5238.71,3,Online,Credit,Retired
535.91,43.0,22.0,1.0,9642.12,2,Online,Debit,Engineer
270.72,26.0,53.00000000000001,1.0,6263.96,2,Online,Credit,Engineer
97.98,72.0,18.0,1.0,7460.329999999999,3,Branch,Debit,Retired
196.08,61.0,98.0,1.0,4233.82,3,Online,Debit,Retired
251.18000000000004,42.0,246.0,1.0,8303.9,2,ATM,Debit,Engineer
44.52,28.0,205.0,1.0,314.28,1,Online,Debit,Student
178.87,35.0,180.0,1.0,5241.23,0,Online,Debit,Doctor
1176.28,54.0,174.0,5.0,323.69,2,ATM,Credit,Engineer
386.68,46.0,128.0,1.0,6863.06,0,Branch,Debit,Doctor
167.14,76.0,20.0,1.0,3877.7299999999996,3,Online,Debit,Retired
345.22,69.0,253.0,1.0,4046.5800000000004,3,Branch,Debit,Retired
74.85,72.0,117.0,1.0,2409.73,3,ATM,Debit,Retired
671.73,58.0,53.99999999999999,1.0,5211.88,2,Branch,Debit,Engineer
255.03999999999996,45.0,151.99999999999997,1.0,6217.86,2,ATM,Debit,Engineer
45.77,25.0,109.0,1.0,5978.12,1,Online,Debit,Student
329.69,26.0,66.0,1.0,1671.66,1,Online,Credit,Student
362.04,58.0,198.0,2.0,8421.88,0,Branch,Credit,Doctor
11.92,53.0,52.00000000000001,1.0,14611.9,0,Branch,Debit,Doctor
47.42,64.0,28.0,1.0,8253.52,0,ATM,Debit,Doctor
35.99,63.0,129.0,1.0,4489.79,3,Branch,Debit,Retired
151.19,37.0,96.0,1.0,11903.82,0,Branch,Credit,Doctor
242.62,22.0,234.0,1.0,483.02000000000004,1,Online,Credit,Student
48.72,21.0,17.0,1.0,816.0799999999999,1,Branch,Debit,Student
43.46,25.0,80.0,1.0,578.06,1,ATM,Debit,Student
1036.21,25.0,126.0,1.0,477.3,1,Online,Debit,Student
443.79,53.0,87.0,1.0,3133.85,3,ATM,Debit,Retired
365.14,68.0,57.0,1.0,5894.09,3,Online,Debit,Retired
757.41,22.0,37.0,1.0,9532.42,1,ATM,Debit,Student
20.54,51.0,72.0,1.0,5327.03,2,Branch,Debit,Engineer
475.36,34.0,105.0,1.0,2000.6,2,ATM,Debit,Engineer
34.74,56.0,24.0,1.0,6827.57,3,ATM,Debit,Retired
689.54,27.0,93.0,1.0,1633.76,1,Branch,Debit,Student
211.18,73.0,90.0,1.0,4069.1699999999996,3,ATM,Debit,Retired
211.36,51.0,286.0,1.0,7943.469999999999,2,Branch,Credit,Engineer
744.41,39.0,107.0,1.0,8842.47,2,Online,Credit,Engineer
61.43,24.0,170.0,1.0,1882.77,1,Online,Debit,Student
167.44,37.0,82.0,1.0,12526.71,0,Branch,Debit,Doctor
361.46,21.0,83.0,1.0,4737.84,1,Online,Debit,Student
378.85,78.0,126.0,1.0,2300.53,3,Branch,Debit,Retired
241.10999999999999,30.0,55.0,1.0,12385.05,0,Branch,Debit,Doctor
131.93,31.0,13.0,1.0,4547.06,2,Branch,Credit,Engineer
20.28,36.0,213.0,1.0,2047.83,2,Online,Debit,Engineer
415.88,70.0,170.0,1.0,10008.33,0,Branch,Debit,Doctor
49.99,62.0,139.0,1.0,2299.64,3,ATM,Debit,Retired
1221.65,27.0,153.0,1.0,243.92,1,Online,Debit,Student
100.66,50.0,144.0,1.0,14473.33,0,Branch,Debit,Doctor
485.54,19.0,148.0,1.0,1533.32,1,Online,Debit,Student
321.15,46.0,179.0,1.0,7005.05,0,Branch,Debit,Doctor
711.3,21.0,51.00000000000001,1.0,955.4,1,Branch,Debit,Student
12.23,42.0,139.0,1.0,7844.880000000001,2,ATM,Debit,Engineer
350.94,20.0,64.0,1.0,221.56,1,ATM,Debit,Student
301.85,54.0,25.000000000000004,1.0,6586.19,2,Online,Debit,Engineer
29.34,65.0,30.0,1.0,3944.82,3,Online,Debit,Retired
231.71,27.0,148.0,1.0,1127.98,1,Branch,Debit,Student
179.43,58.0,244.0,1.0,2626.63,3,ATM,Debit,Retired
36.71,48.0,55.0,1.0,6459.38,0,Branch,Debit,Doctor
138.12,53.0,281.0,1.0,1649.69,0,Branch,Credit,Doctor
233.24,33.0,72.0,1.0,6939.23,2,ATM,Debit,Engineer
609.14,39.0,177.0,1.0,9033.87,2,ATM,Debit,Engineer
436.64,31.0,111.0,1.0,14365.18,0,Branch,Debit,Doctor
870.43,29.0,55.0,1.0,10115.18,0,Branch,Debit,Doctor
354.4,74.0,128.0,1.0,7358.65,3,ATM,Debit,Retired
22.63,53.0,112.0,1.0,4438.03,2,Online,Debit,Engineer
182.19,26.0,53.00000000000001,1.0,1176.1,1,Branch,Debit,Student
126.81,26.0,290.0,1.0,5427.98,2,Branch,Debit,Engineer
288.17,37.0,50.00000000000001,1.0,3653.11,2,Online,Debit,Engineer
118.77,55.0,123.0,1.0,2104.82,2,Branch,Debit,Engineer
651.82,21.0,166.0,1.0,1802.77,1,ATM,Debit,Student
66.65,37.0,33.0,1.0,3559.96,2,ATM,Debit,Engineer
98.53,69.0,166.0,1.0,3564.8,3,Branch,Debit,Retired
138.95,71.0,30.0,1.0,6752.92,3,Online,Debit,Retired
33.89,26.0,177.0,1.0,1444.75,1,Branch,Debit,Student
23.71,58.0,164.0,1.0,10788.89,0,Branch,Debit,Doctor
1830.0,55.0,238.0,1.0,2235.7,2,Online,Debit,Engineer
26.06,65.0,283.0,1.0,12893.63,0,ATM,Debit,Doctor
17.07,27.0,44.0,1.0,2798.15,2,Branch,Debit,Engineer
703.89,46.0,61.99999999999999,1.0,3583.67,2,Online,Debit,Engineer
1271.9,47.0,155.0,1.0,2120.8,2,ATM,Debit,Engineer
26.55,77.0,228.0,1.0,3085.38,3,ATM,Debit,Retired
147.4,42.0,259.0,1.0,6797.71,2,Branch,Debit,Engineer
202.11,27.0,18.0,1.0,746.47,1,ATM,Debit,Student
308.42,75.0,39.0,1.0,5427.81,3,Branch,Debit,Retired
11.18,53.0,144.0,1.0,7467.300000000001,2,ATM,Debit,Engineer
294.15,38.0,136.0,1.0,6362.16,2,Online,Debit,Engineer
29.58,54.0,121.0,1.0,8345.26,2,Branch,Debit,Engineer
139.45,27.0,30.999999999999996,1.0,1305.76,1,Online,Debit,Student
432.63,29.0,137.0,1.0,13648.36,0,ATM,Debit,Doctor
131.43,43.0,65.0,1.0,1337.5,0,Online,Debit,Doctor
516.72,42.0,128.0,1.0,2015.6900000000003,2,ATM,Debit,Engineer
121.82000000000001,69.0,123.0,3.0,8354.54,0,Online,Debit,Doctor
374.5,26.0,178.0,1.0,1671.51,1,Branch,Credit,Student
166.13,68.0,227.0,1.0,11822.53,0,ATM,Debit,Doctor
626.9,23.0,146.0,1.0,587.1099999999999,1,ATM,Debit,Student
466.85,56.0,165.0,1.0,5422.53,3,Branch,Debit,Retired
788.84,58.0,231.0,1.0,1913.73,3,Online,Debit,Retired
873.65,37.0,59.00000000000001,1.0,12139.83,0,Online,Credit,Doctor
525.28,69.0,134.0,1.0,4693.6,3,ATM,Debit,Retired
110.17,30.0,137.0,1.0,464.2,2,ATM,Debit,Engineer
632.69,80.0,75.99999999999999,1.0,4363.74,3,ATM,Debit,Retired
124.35,72.0,90.0,1.0,3319.76,3,ATM,Debit,Retired
43.85,62.0,122.0,1.0,4356.98,3,ATM,Debit,Retired
283.81,28.0,29.000000000000004,1.0,1519.35,1,Branch,Debit,Student
168.53,71.0,112.0,1.0,5962.58,3,ATM,Debit,Retired
218.59,40.0,123.0,1.0,6699.23,2,Branch,Credit,Engineer
132.84,21.0,143.0,1.0,822.73,1,ATM,Debit,Student
157.37,42.0,289.0,1.0,13964.31,0,Branch,Credit,Doctor
144.77,20.0,159.0,1.0,867.3199999999999,1,Online,Debit,Student
643.22,64.0,93.0,1.0,1035.86,0,ATM,Debit,Doctor
1392.54,41.0,297.0,1.0,13347.69,0,Branch,Debit,Doctor
208.07,32.0,36.0,1.0,8478.9,0,Online,Debit,Doctor
94.3,57.0,57.0,1.0,11088.95,0,Branch,Debit,Doctor
295.5,59.0,36.0,1.0,6280.66,3,ATM,Debit,Retired
30.229999999999997,44.0,99.0,1.0,481.13,0,ATM,Debit,Doctor
112.05,26.0,159.0,1.0,1122.88,1,ATM,Credit,Student
180.24,58.0,144.0,1.0,8431.23,2,Branch,Debit,Engineer
13.71,38.0,148.0,1.0,8342.79,2,Online,Credit,Engineer
96.54,58.0,95.0,1.0,7182.22,3,Branch,Debit,Retired
79.35,67.0,70.0,1.0,1692.15,3,Online,Debit,Retired
101.04,27.0,160.0,1.0,1695.57,1,ATM,Debit,Student
74.42,49.0,68.00000000000001,1.0,6264.21,2,Online,Debit,Engineer
39.66,52.0,169.0,1.0,8497.34,2,Branch,Debit,Engineer
99.36,40.0,45.99999999999999,1.0,1272.12,0,ATM,Debit,Doctor
123.85,56.0,244.0,1.0,3959.62,2,Online,Debit,Engineer
426.93,19.0,247.99999999999997,1.0,476.18999999999994,1,ATM,Debit,Student
133.73,25.0,123.0,1.0,1872.2200000000003,1,Online,Credit,Student
222.39,49.0,73.0,1.0,3117.39,2,Online,Debit,Engineer
215.94,22.0,140.0,1.0,1841.69,1,Online,Credit,Student
6.3,80.0,283.0,5.0,7697.680000000001,3,Branch,Debit,Retired
826.23,29.0,209.0,1.0,7580.590000000001,0,ATM,Debit,Doctor
416.37,35.0,67.0,1.0,7936.91,2,Online,Debit,Engineer
131.46,67.0,258.0,1.0,6642.33,3,Branch,Debit,Retired
202.86,61.0,149.0,1.0,7642.250000000001,0,Branch,Credit,Doctor
268.39,26.0,171.0,1.0,136.74,1,ATM,Debit,Student
194.85,23.0,130.0,4.0,319.84,1,Online,Debit,Student
137.35,40.0,220.0,1.0,12662.66,0,Online,Credit,Doctor
712.75,44.0,25.000000000000004,1.0,8126.0599999999995,0,Branch,Debit,Doctor
353.82,42.0,143.0,1.0,705.7499999999999,0,ATM,Debit,Doctor
507.25000000000006,73.0,143.0,1.0,5331.57,3,Branch,Debit,Retired
212.74,27.0,128.0,1.0,7645.469999999999,2,Branch,Debit,Engineer
364.42,51.0,146.0,1.0,8119.73,2,ATM,Debit,Engineer
195.12,46.0,144.0,1.0,6101.15,0,ATM,Debit,Doctor
230.61,80.0,204.0,1.0,2561.42,3,Branch,Debit,Retired
739.28,58.0,47.0,1.0,11905.64,0,Branch,Credit,Doctor
390.35,64.0,61.00000000000001,1.0,7095.88,0,ATM,Credit,Doctor
242.03000000000003,58.0,123.99999999999999,1.0,4382.73,2,Online,Debit,Engineer
242.39000000000001,18.0,271.0,1.0,1328.73,1,ATM,Credit,Student
135.03,23.0,180.0,1.0,1278.0,1,ATM,Debit,Student
83.5,61.0,91.0,5.0,1749.79,3,Branch,Debit,Retired
193.54,80.0,267.0,1.0,2929.51,3,Branch,Debit,Retired
617.36,29.0,61.00000000000001,1.0,8926.38,2,Branch,Debit,Engineer
775.23,59.0,37.99999999999999,1.0,5977.59,0,Online,Credit,Doctor
266.57,72.0,100.00000000000001,1.0,7676.92,3,ATM,Debit,Retired
153.4,45.0,144.0,1.0,4657.7,2,ATM,Debit,Engineer
946.94,53.0,251.0,1.0,5579.11,3,Branch,Debit,Retired
5.12,34.0,90.0,1.0,3293.01,2,Branch,Debit,Engineer
119.11,57.0,131.0,1.0,7998.25,2,ATM,Debit,Engineer
1096.7,24.0,147.0,1.0,1093.89,1,Online,Debit,Student
119.72,30.0,123.0,1.0,3435.34,2,Branch,Debit,Engineer
107.4,58.0,32.0,1.0,344.07,0,Online,Debit,Doctor
115.92,53.0,57.0,1.0,3897.17,3,ATM,Debit,Retired
438.04,67.0,247.0,1.0,5358.95,3,ATM,Debit,Retired
677.29,27.0,287.0,1.0,627.79,2,Online,Debit,Engineer
296.0,35.0,247.99999999999997,1.0,7418.82,0,Branch,Debit,Doctor
299.09,36.0,84.00000000000001,1.0,5615.26,2,Branch,Credit,Engineer
461.52,24.0,44.0,1.0,1995.1799999999998,1,Branch,Credit,Student
100.52,50.0,110.0,1.0,453.39,2,ATM,Debit,Engineer
85.35,66.0,166.0,1.0,2173.76,3,ATM,Debit,Retired
79.76,39.0,170.0,1.0,6452.14,2,Branch,Debit,Engineer
778.49,75.0,107.0,1.0,7713.67,3,Online,Credit,Retired
386.38,42.0,135.0,1.0,5528.36,2,Online,Debit,Engineer
165.25,35.0,106.0,1.0,9939.94,0,Online,Debit,Doctor
14.29,34.0,150.0,1.0,7016.99,2,ATM,Debit,Engineer
232.79,55.0,145.0,1.0,2661.3,3,Branch,Credit,Retired
1237.56,60.0,159.0,1.0,9410.17,2,Branch,Credit,Engineer
92.29,54.0,115.0,1.0,2026.3199999999997,2,Branch,Debit,Engineer
293.97,68.0,153.0,1.0,7371.85,3,Branch,Debit,Retired
136.32,19.0,113.0,1.0,264.83,1,Online,Debit,Student
251.06,36.0,34.0,1.0,10001.66,0,Online,Debit,Doctor
50.17,77.0,35.0,1.0,7752.140000000001,3,ATM,Credit,Retired
21.4,34.0,258.0,1.0,9594.11,2,Branch,Debit,Engineer
73.28,21.0,21.000000000000004,1.0,1329.41,1,Branch,Debit,Student
70.23,38.0,260.0,1.0,11624.93,0,ATM,Debit,Doctor
689.29,22.0,100.00000000000001,1.0,168.84,1,ATM,Debit,Student
745.03,28.0,231.0,1.0,160.57,1,Online,Debit,Student
54.61,58.0,160.0,1.0,7135.64,2,ATM,Debit,Engineer
54.05,27.0,146.0,1.0,469.13999999999993,1,Branch,Debit,Student
107.47,67.0,144.0,1.0,7517.499999999999,3,Online,Debit,Retired
611.11,20.0,282.0,4.0,919.84,1,ATM,Debit,Student
219.63,48.0,44.0,1.0,8013.63,0,ATM,Debit,Doctor
188.7,54.0,123.0,1.0,5077.06,3,Branch,Debit,Retired
93.52,51.0,97.0,1.0,2791.2,2,Online,Debit,Engineer
275.92,62.0,107.0,1.0,1777.38,3,Branch,Credit,Retired
376.79,68.0,265.0,1.0,7749.14,3,Branch,Debit,Retired
8.98,66.0,56.0,1.0,4516.76,3,Online,Debit,Retired
697.32,68.0,91.0,1.0,2016.0200000000002,3,Online,Debit,Retired
17.45,18.0,88.0,1.0,1959.52,1,ATM,Debit,Student
302.16,80.0,138.0,5.0,3876.61,3,Online,Debit,Retired
442.74,23.0,136.0,1.0,1790.27,1,Branch,Debit,Student
623.9,27.0,249.0,1.0,711.4699999999999,1,ATM,Debit,Student
445.41,35.0,235.0,3.0,12154.66,0,ATM,Debit,Doctor
63.41,26.0,36.0,1.0,1546.22,1,ATM,Debit,Student
346.85,44.0,88.0,1.0,7208.15,0,ATM,Debit,Doctor
71.95,59.0,53.00000000000001,1.0,9267.32,2,Online,Credit,Engineer
7.5,63.0,36.0,1.0,6485.78,3,Online,Debit,Retired
206.46,65.0,279.0,1.0,3984.38,3,ATM,Debit,Retired
423.11,60.0,47.0,1.0,412.78,2,ATM,Debit,Engineer
35.84,54.0,172.0,1.0,4795.65,3,Online,Credit,Retired
88.6,28.0,105.0,1.0,246.57,1,Branch,Credit,Student
1431.3,18.0,168.00000000000003,1.0,1058.13,1,ATM,Debit,Student
53.81,55.0,37.0,2.0,2564.62,2,ATM,Credit,Engineer
22.46,54.0,78.0,1.0,6631.5,3,Online,Debit,Retired
334.89,21.0,260.0,1.0,1661.68,1,Online,Debit,Student
319.27,54.0,59.00000000000001,1.0,5504.01,3,Online,Credit,Retired
144.3,18.0,88.0,1.0,312.19,1,ATM,Debit,Student
348.7,69.0,149.0,1.0,2445.58,3,Branch,Credit,Retired
366.21,62.0,181.0,1.0,10862.99,0,ATM,Debit,Doctor
99.11,55.0,12.0,1.0,5414.87,3,Online,Debit,Retired
539.35,55.0,127.0,1.0,3919.4399999999996,3,ATM,Debit,Retired
188.99,58.0,91.99999999999999,1.0,7315.34,2,Branch,Debit,Engineer
1416.69,46.0,58.00000000000001,1.0,3740.7300000000005,2,ATM,Debit,Engineer
710.14,26.0,227.0,1.0,465.62999999999994,1,ATM,Debit,Student
308.68,53.0,170.0,1.0,9992.36,0,Online,Debit,Doctor
166.68,57.0,139.0,1.0,5141.19,3,ATM,Debit,Retired
0.99,45.0,133.0,1.0,4317.85,2,ATM,Debit,Engineer
505.18999999999994,30.0,128.0,5.0,5326.68,0,ATM,Debit,Doctor
66.58,23.0,79.0,1.0,1636.32,1,Branch,Debit,Student
223.43,77.0,178.0,1.0,7932.410000000001,3,Branch,Debit,Retired
659.95,60.0,114.0,1.0,3927.6900000000005,2,Online,Debit,Engineer
634.86,27.0,45.0,1.0,588.4999999999999,1,ATM,Debit,Student
286.5,30.0,60.00000000000001,1.0,8517.95,2,Branch,Credit,Engineer
322.96,76.0,168.00000000000003,1.0,2401.59,3,Branch,Credit,Retired
654.48,19.0,114.0,1.0,6776.41,1,Branch,Debit,Student
157.97,48.0,140.0,1.0,5529.92,0,Branch,Debit,Doctor
120.90000000000002,40.0,52.00000000000001,1.0,9009.42,0,Branch,Debit,Doctor
254.77,57.0,57.0,1.0,5994.87,2,Branch,Debit,Engineer
795.96,65.0,119.0,1.0,5468.58,3,Online,Debit,Retired
149.25,39.0,142.0,1.0,5677.52,2,ATM,Debit,Engineer
3.42,43.0,158.0,1.0,14180.21,0,Online,Credit,Doctor
68.19,40.0,189.0,1.0,9895.1,0,Online,Credit,Doctor
493.4200000000001,39.0,111.0,1.0,2232.84,2,Branch,Debit,Engineer
37.57,57.0,42.00000000000001,1.0,7739.54,3,ATM,Debit,Retired
127.00000000000001,19.0,68.00000000000001,5.0,431.16,1,Branch,Credit,Student
96.89,59.0,53.00000000000001,1.0,6044.93,3,ATM,Debit,Retired
448.33,25.0,161.0,1.0,922.19,1,ATM,Debit,Student
1116.48,51.0,55.0,1.0,447.53,2,ATM,Debit,Engineer
8.65,48.0,273.0,1.0,10778.35,0,Online,Debit,Doctor
65.57,41.0,82.0,1.0,7513.79,2,Online,Debit,Engineer
539.81,46.0,177.0,1.0,2051.25,2,Online,Debit,Engineer
363.53,63.0,142.0,1.0,1038.91,3,ATM,Debit,Retired
64.9,51.0,72.0,1.0,6854.61,3,Branch,Credit,Retired
358.18,18.0,157.0,1.0,619.86,1,ATM,Debit,Student
167.2,30.0,84.00000000000001,1.0,11320.83,0,Branch,Debit,Doctor
121.90999999999998,60.0,133.0,1.0,14510.8,0,Branch,Debit,Doctor
137.57,54.0,70.0,1.0,5103.67,2,Online,Debit,Engineer
534.62,55.0,45.0,1.0,13793.53,0,Online,Debit,Doctor
463.92,50.0,199.0,1.0,2403.39,2,Online,Debit,Engineer
320.14,60.0,96.0,1.0,3075.97,3,Online,Debit,Retired
214.93,28.0,52.00000000000001,1.0,7835.4,1,Online,Debit,Student
660.02,20.0,84.00000000000001,1.0,414.43,1,Branch,Debit,Student
345.81,40.0,135.0,1.0,6116.8,2,Branch,Debit,Engineer
143.54,71.0,80.0,1.0,6067.62,3,ATM,Debit,Retired
42.55,53.0,29.000000000000004,1.0,7341.43,2,Branch,Debit,Engineer
1063.25,21.0,128.0,1.0,1240.71,1,Online,Credit,Student
541.79,22.0,125.0,1.0,1454.08,1,ATM,Debit,Student
40.57,26.0,63.0,1.0,1476.91,1,Branch,Debit,Student
120.24000000000001,18.0,131.0,2.0,1943.1300000000003,1,Branch,Debit,Student
498.66999999999996,28.0,244.0,1.0,1719.97,1,Online,Debit,Student
227.22,53.0,220.0,1.0,832.82,0,ATM,Debit,Doctor
1182.86,30.0,34.0,1.0,7696.16,2,Online,Debit,Engineer
56.94,76.0,74.0,1.0,7004.63,3,Online,Credit,Retired
629.82,68.0,159.0,1.0,6385.69,3,ATM,Debit,Retired
59.44,35.0,176.0,1.0,5472.03,2,Online,Debit,Engineer
186.69,30.0,53.99999999999999,1.0,8602.22,2,Branch,Debit,Engineer
230.46,19.0,179.0,1.0,162.53,1,Online,Debit,Student
65.09,44.0,159.0,1.0,9370.9,2,Online,Credit,Engineer
457.09,55.0,63.0,1.0,8570.82,2,Online,Credit,Engineer
552.02,44.0,100.00000000000001,1.0,522.08,2,ATM,Credit,Engineer
377.12,34.0,61.00000000000001,1.0,836.6699999999998,2,ATM,Debit,Engineer
204.56,18.0,179.0,1.0,364.72,1,Branch,Credit,Student
420.28,35.0,144.0,1.0,8557.32,0,Branch,Debit,Doctor
97.09,24.0,202.0,4.0,1579.57,1,ATM,Debit,Student
124.59,27.0,171.0,1.0,129.29,1,Branch,Debit,Student
73.88,39.0,34.0,1.0,6474.41,0,Online,Debit,Doctor
77.43,21.0,169.0,1.0,1380.21,1,Online,Debit,Student
106.16,56.0,277.0,4.0,7487.790000000001,0,ATM,Debit,Doctor
245.93,54.0,172.0,1.0,7986.629999999999,2,Branch,Debit,Engineer
622.41,64.0,125.0,1.0,7322.01,0,ATM,Debit,Doctor
43.73,34.0,145.0,1.0,9929.43,0,ATM,Debit,Doctor
1282.86,19.0,68.00000000000001,1.0,1830.98,1,Branch,Debit,Student
2.03,33.0,28.0,1.0,3012.31,2,ATM,Credit,Engineer
770.65,31.0,137.0,1.0,7198.8,0,Online,Debit,Doctor
260.31,63.0,113.0,1.0,10980.38,0,Branch,Debit,Doctor
356.1,26.0,187.0,1.0,868.35,1,Branch,Credit,Student
27.07,80.0,39.0,1.0,3773.2899999999995,3,Branch,Credit,Retired
119.89,67.0,60.00000000000001,1.0,6697.77,0,ATM,Debit,Doctor
106.39,37.0,281.0,1.0,9410.99,0,Online,Debit,Doctor
12.04,37.0,58.00000000000001,1.0,6213.32,2,Online,Debit,Engineer
365.7,21.0,115.0,2.0,368.78,1,Branch,Debit,Student
29.38,28.0,63.0,1.0,1663.31,1,Branch,Credit,Student
319.85,60.0,148.0,1.0,711.6599999999999,0,ATM,Debit,Doctor
350.14,75.0,37.99999999999999,1.0,2403.25,3,Online,Credit,Retired
163.94,52.0,73.0,1.0,5957.37,3,Branch,Credit,Retired
170.53,24.0,58.00000000000001,1.0,801.01,1,Branch,Debit,Student
262.22,40.0,136.0,1.0,5711.71,2,ATM,Credit,Engineer
41.49,24.0,13.0,1.0,928.33,1,Online,Debit,Student
121.43,52.0,243.0,1.0,7365.28,2,Branch,Credit,Engineer
350.46,51.0,165.0,1.0,5839.38,3,Branch,Debit,Retired
220.41,26.0,155.0,1.0,5116.98,2,Online,Credit,Engineer
33.46,72.0,111.0,1.0,3641.07,3,ATM,Debit,Retired
104.79,70.0,223.0,1.0,1352.19,0,ATM,Debit,Doctor
246.27000000000004,29.0,141.0,1.0,7299.86,0,Online,Debit,Doctor
48.85,19.0,176.0,1.0,1503.56,1,ATM,Debit,Student
332.0,69.0,17.0,1.0,5943.13,3,ATM,Debit,Retired
118.1,54.0,167.0,1.0,895.6599999999999,2,Online,Debit,Engineer
84.59,67.0,10.0,1.0,5669.1,0,Branch,Credit,Doctor
295.64,21.0,82.0,1.0,1061.96,1,Online,Debit,Student
514.33,25.0,160.0,1.0,1592.94,1,Branch,Debit,Student
992.1700000000001,43.0,169.0,1.0,6215.96,0,ATM,Debit,Doctor
94.59,39.0,34.0,1.0,6171.89,0,Online,Debit,Doctor
80.43,59.0,157.0,1.0,5987.67,3,Branch,Debit,Retired
54.25,68.0,37.0,1.0,14783.33,0,Online,Debit,Doctor
178.88,76.0,93.0,4.0,4708.29,3,Branch,Credit,Retired
518.85,22.0,82.0,1.0,1806.0,1,Online,Debit,Student
10.65,54.0,161.0,1.0,13240.72,0,Online,Debit,Doctor
198.62,27.0,84.00000000000001,1.0,1196.07,1,Branch,Credit,Student
107.03,27.0,73.0,1.0,1408.07,1,Branch,Debit,Student
139.57,19.0,263.0,3.0,271.78,1,ATM,Debit,Student
312.47,49.0,148.0,4.0,9419.27,2,ATM,Debit,Engineer
346.11,41.0,213.0,1.0,9551.64,2,Branch,Debit,Engineer
138.06,44.0,159.0,1.0,1070.47,2,Branch,Debit,Engineer
158.02,49.0,120.0,1.0,9374.24,2,ATM,Debit,Engineer
830.01,66.0,96.0,1.0,4253.18,3,Online,Credit,Retired
435.5,55.0,112.0,1.0,6981.03,3,ATM,Debit,Retired
110.49,57.0,48.0,1.0,10483.93,0,Online,Debit,Doctor
329.4,34.0,68.00000000000001,1.0,9588.07,0,Online,Debit,Doctor
635.4,47.0,106.0,1.0,1238.11,0,ATM,Debit,Doctor
769.97,22.0,22.999999999999996,1.0,1244.93,1,Branch,Debit,Student
175.07,26.0,169.0,1.0,1040.25,1,Branch,Debit,Student
7.31,78.0,282.0,1.0,5757.67,3,Branch,Debit,Retired
175.15,27.0,32.0,1.0,1712.65,1,ATM,Debit,Student
32.54,25.0,183.0,4.0,1544.88,1,Online,Debit,Student
121.82000000000001,60.0,119.0,1.0,13293.83,0,Online,Debit,Doctor
56.12,30.0,102.0,1.0,8839.67,0,ATM,Debit,Doctor
424.7,56.0,178.0,1.0,6239.89,3,Online,Credit,Retired
35.16,32.0,130.0,1.0,8459.18,2,Branch,Debit,Engineer
35.73,65.0,87.0,1.0,9073.17,0,Branch,Debit,Doctor
3.44,78.0,107.99999999999999,1.0,7561.33,3,ATM,Debit,Retired
1342.25,21.0,235.0,1.0,694.03,1,Branch,Credit,Student
139.03,50.0,81.0,1.0,2276.57,2,Online,Credit,Engineer
254.92,28.0,169.0,1.0,2791.12,2,ATM,Credit,Engineer
115.11,28.0,139.0,1.0,9808.97,2,Online,Debit,Engineer
171.11,57.0,171.0,1.0,6324.09,3,ATM,Debit,Retired
168.54,70.0,142.0,2.0,13406.0,0,ATM,Debit,Doctor
420.76,51.0,75.99999999999999,1.0,6581.55,3,Branch,Debit,Retired
408.46,64.0,28.0,1.0,3140.79,3,Branch,Debit,Retired
1162.42,30.0,45.0,1.0,10357.26,0,Online,Credit,Doctor
342.17,21.0,247.0,1.0,461.83,1,Branch,Credit,Student
580.71,53.0,95.0,1.0,5670.0,2,ATM,Debit,Engineer
821.54,79.0,36.0,1.0,4040.3199999999997,3,Branch,Credit,Retired
253.47,20.0,238.0,1.0,220.51,1,Branch,Debit,Student
22.81,62.0,75.0,1.0,3634.76,3,Online,Debit,Retired
266.57,39.0,96.0,1.0,7180.48,2,Online,Credit,Engineer
374.61,75.0,37.0,1.0,1389.71,3,Online,Credit,Retired
339.35,78.0,70.0,1.0,5002.7,3,ATM,Credit,Retired
810.36,20.0,67.0,1.0,9239.12,1,ATM,Debit,Student
9.83,24.0,86.0,1.0,666.42,1,ATM,Debit,Student
135.57,51.0,116.00000000000001,1.0,11351.64,0,Branch,Credit,Doctor
340.05,43.0,37.0,1.0,7234.15,2,ATM,Debit,Engineer
283.45,27.0,127.0,1.0,2049.51,2,Branch,Debit,Engineer
100.99,68.0,114.0,1.0,8865.27,0,ATM,Debit,Doctor
90.88,18.0,176.0,1.0,3908.4700000000003,1,Branch,Debit,Student
655.15,26.0,264.0,1.0,5587.44,2,ATM,Debit,Engineer
320.55,50.0,118.0,1.0,438.75,2,Online,Debit,Engineer
41.51,28.0,48.0,1.0,609.5999999999999,1,Online,Debit,Student
71.53,68.0,39.0,1.0,2393.73,3,Branch,Credit,Retired
467.13,54.0,45.0,1.0,3914.84,3,Branch,Credit,Retired
235.4,28.0,70.0,1.0,818.3599999999999,1,Branch,Debit,Student
159.32,18.0,100.00000000000001,1.0,304.44,1,Branch,Debit,Student
50.83,30.0,48.0,1.0,9553.42,0,Online,Credit,Doctor
56.89,59.0,56.0,1.0,3034.67,2,Branch,Credit,Engineer
20.22,43.0,138.0,1.0,5515.32,2,ATM,Debit,Engineer
50.4,36.0,84.00000000000001,1.0,1677.01,0,Branch,Debit,Doctor
73.88,53.0,131.0,1.0,4055.55,3,Branch,Debit,Retired
119.61,33.0,53.00000000000001,1.0,9899.94,0,ATM,Debit,Doctor
1241.05,18.0,129.0,1.0,756.74,1,Branch,Debit,Student
116.58,43.0,247.0,1.0,2620.74,2,Branch,Debit,Engineer
1919.1100000000001,30.0,161.0,1.0,11090.24,0,ATM,Debit,Doctor
391.96,64.0,79.0,1.0,2174.16,3,ATM,Debit,Retired
156.26,46.0,160.0,1.0,7854.100000000001,2,Branch,Credit,Engineer
427.0,49.0,163.0,1.0,8253.65,2,Branch,Credit,Engineer
443.68,18.0,137.0,1.0,874.1499999999999,1,ATM,Debit,Student
101.76,31.0,26.0,1.0,6043.25,0,Branch,Debit,Doctor
67.57,37.0,107.0,1.0,2766.12,2,Branch,Debit,Engineer
326.29,56.0,179.0,1.0,8171.259999999999,2,Online,Debit,Engineer
158.56,33.0,100.00000000000001,1.0,5401.21,0,ATM,Debit,Doctor
56.02,27.0,142.0,1.0,3548.02,1,Online,Debit,Student
288.28,27.0,36.0,1.0,160.83,1,Online,Debit,Student
245.67,24.0,107.0,1.0,752.2499999999999,1,Branch,Credit,Student
152.18,39.0,176.0,4.0,2459.84,2,Online,Credit,Engineer
114.35,41.0,21.000000000000004,1.0,469.12,2,Branch,Credit,Engineer
373.27,61.0,79.0,1.0,8441.61,0,Online,Credit,Doctor
504.63000000000005,60.0,168.00000000000003,1.0,3806.16,2,Online,Debit,Engineer
126.22,46.0,77.0,4.0,6133.41,2,ATM,Debit,Engineer
820.15,47.0,181.0,1.0,8802.97,0,Branch,Debit,Doctor
986.8099999999998,68.0,127.0,1.0,14881.77,0,Online,Credit,Doctor
8.37,63.0,135.0,1.0,1106.34,3,ATM,Debit,Retired
197.49,53.0,30.0,1.0,5005.33,3,Online,Credit,Retired
637.97,58.0,90.0,1.0,7949.03,3,Branch,Debit,Retired
13.52,26.0,65.0,1.0,259.77,1,ATM,Debit,Student
432.1,49.0,240.0,1.0,2114.3,2,ATM,Debit,Engineer
375.17,51.0,66.0,2.0,5495.3,2,ATM,Debit,Engineer
642.68,50.0,94.0,1.0,8461.46,0,Branch,Debit,Doctor
78.44,52.0,292.0,1.0,6870.84,3,Online,Credit,Retired
139.72,49.0,201.0,1.0,5058.83,2,Branch,Debit,Engineer
499.99,31.0,296.0,1.0,8885.0,2,Branch,Debit,Engineer
10.07,24.0,49.0,1.0,530.81,1,Online,Debit,Student
120.61999999999999,23.0,85.0,1.0,9379.53,1,ATM,Debit,Student
578.49,59.0,180.0,1.0,6475.13,3,Branch,Debit,Retired
119.3,34.0,22.0,5.0,319.04,2,Branch,Debit,Engineer
280.92,41.0,168.00000000000003,1.0,5298.85,0,Online,Debit,Doctor
42.42,21.0,102.0,1.0,490.57,1,Online,Debit,Student
77.03,67.0,259.0,1.0,11310.27,0,ATM,Debit,Doctor
22.59,62.0,45.0,1.0,3988.75,3,ATM,Debit,Retired
568.76,51.0,155.0,1.0,7484.319999999999,3,ATM,Debit,Retired
25.94,58.0,211.0,5.0,4815.11,3,Online,Credit,Retired
105.94,51.0,207.0,1.0,5963.1,2,Branch,Debit,Engineer
733.29,52.0,94.0,5.0,10427.0,0,ATM,Debit,Doctor
350.15,21.0,195.0,1.0,296.47,1,ATM,Credit,Student
1151.18,65.0,105.0,1.0,1100.06,0,ATM,Debit,Doctor
183.67,19.0,238.0,1.0,910.26,1,Online,Debit,Student
278.27,29.0,123.0,1.0,6684.34,0,Branch,Debit,Doctor
470.3,40.0,88.0,1.0,8524.09,0,ATM,Debit,Doctor
261.69,53.0,84.00000000000001,1.0,5126.65,3,ATM,Debit,Retired
365.04,22.0,94.0,1.0,873.8899999999999,1,Branch,Debit,Student
211.1,57.0,136.0,1.0,7059.77,3,Branch,Debit,Retired
21.49,58.0,240.0,1.0,11991.24,0,ATM,Debit,Doctor
63.58,18.0,199.0,1.0,8086.040000000001,1,ATM,Debit,Student
321.86,63.0,167.0,1.0,12626.49,0,ATM,Debit,Doctor
12.11,75.0,127.0,1.0,1730.28,3,Branch,Debit,Retired
642.54,44.0,28.0,1.0,3143.17,2,Branch,Debit,Engineer
210.45,27.0,146.0,1.0,1242.49,1,ATM,Debit,Student
313.65,55.0,173.0,1.0,1886.36,3,Branch,Credit,Retired
99.76,26.0,131.0,1.0,416.89,1,Branch,Debit,Student
115.32,53.0,113.0,1.0,5929.08,3,Branch,Debit,Retired
33.61,23.0,72.0,1.0,479.08,1,Online,Debit,Student
498.59,33.0,32.0,1.0,5862.99,0,Online,Credit,Doctor
98.81,27.0,91.0,1.0,797.1,1,Branch,Debit,Student
1.8700000000000003,65.0,147.0,1.0,7287.94,3,ATM,Debit,Retired
78.92,59.0,95.0,1.0,5624.86,2,Online,Credit,Engineer
194.29,39.0,10.0,1.0,2988.41,2,Branch,Credit,Engineer
28.73,53.0,185.0,1.0,2712.96,2,ATM,Debit,Engineer
105.53,24.0,88.0,1.0,1433.66,1,Online,Debit,Student
737.34,30.0,34.0,1.0,7336.56,0,Online,Debit,Doctor
237.86,18.0,210.0,1.0,475.62999999999994,1,ATM,Debit,Student
409.61,65.0,89.0,1.0,11698.15,0,Branch,Debit,Doctor
75.53,21.0,157.0,1.0,1034.35,1,Online,Credit,Student
72.75,64.0,15.0,1.0,12042.79,0,ATM,Debit,Doctor
39.11,26.0,143.0,1.0,518.54,1,Online,Debit,Student
1309.79,23.0,139.0,1.0,1258.93,1,ATM,Debit,Student
729.38,68.0,90.0,1.0,9127.65,0,ATM,Debit,Doctor
137.49,34.0,50.00000000000001,1.0,4471.05,2,ATM,Debit,Engineer
504.71,29.0,61.00000000000001,1.0,6214.54,2,Online,Debit,Engineer
371.47,24.0,58.00000000000001,1.0,1187.04,1,Branch,Credit,Student
430.35,36.0,205.0,1.0,354.9,0,Online,Debit,Doctor
230.32,35.0,56.0,1.0,791.46,2,Branch,Debit,Engineer
121.71,52.0,140.0,1.0,5878.89,3,ATM,Debit,Retired
98.87,20.0,179.0,1.0,533.2,1,Online,Debit,Student
117.55,24.0,35.0,1.0,897.94,1,ATM,Debit,Student
244.64,30.0,103.0,1.0,9159.56,0,Branch,Debit,Doctor
321.93,45.0,12.0,1.0,4392.73,2,ATM,Debit,Engineer
1092.73,58.0,11.0,1.0,1390.98,3,Branch,Debit,Retired
283.23,40.0,98.0,1.0,2008.7700000000002,2,Online,Debit,Engineer
346.65,30.0,60.00000000000001,1.0,6356.96,2,Online,Debit,Engineer
381.62,64.0,164.0,1.0,6009.12,3,Online,Debit,Retired
388.65,76.0,43.0,1.0,7896.850000000001,3,ATM,Debit,Retired
29.22,24.0,151.0,1.0,1649.43,1,ATM,Debit,Student
46.75,67.0,150.0,1.0,2840.43,3,Branch,Debit,Retired
348.64,57.0,128.0,1.0,3274.96,3,Online,Debit,Retired
319.17,73.0,81.0,1.0,6501.56,3,Online,Debit,Retired
73.95,26.0,75.99999999999999,1.0,363.92,1,ATM,Debit,Student
389.63,27.0,99.0,1.0,9748.48,2,Online,Debit,Engineer
217.61,19.0,45.0,1.0,1404.53,1,ATM,Debit,Student
199.84,21.0,150.0,1.0,706.44,1,ATM,Debit,Student
56.35,44.0,75.0,1.0,5095.73,0,ATM,Debit,Doctor
248.95000000000002,65.0,29.000000000000004,1.0,3059.79,3,Branch,Credit,Retired
142.58,33.0,145.0,1.0,7844.23,2,ATM,Debit,Engineer
1020.7299999999999,28.0,87.0,1.0,1119.61,1,ATM,Debit,Student
84.34,58.0,247.99999999999997,3.0,5313.97,3,Online,Debit,Retired
1607.55,31.0,156.0,1.0,6227.99,2,ATM,Debit,Engineer
333.78,60.0,98.0,1.0,6810.94,3,ATM,Debit,Retired
332.59,55.0,143.0,1.0,1457.07,3,Online,Debit,Retired
236.81,22.0,15.0,1.0,813.68,1,Branch,Debit,Student
417.8,27.0,130.0,1.0,1518.82,1,Branch,Credit,Student
319.27,50.0,150.0,1.0,10269.78,0,ATM,Debit,Doctor
384.1,42.0,172.0,1.0,672.7899999999998,2,Branch,Debit,Engineer
820.62,61.0,158.0,1.0,6024.8,0,Branch,Credit,Doctor
474.77,56.0,50.00000000000001,1.0,2158.59,2,Online,Credit,Engineer
542.72,43.0,91.99999999999999,1.0,6011.8,0,Branch,Credit,Doctor
79.8,73.0,75.99999999999999,1.0,6372.58,3,ATM,Debit,Retired
46.24,57.0,52.00000000000001,1.0,2569.56,2,Branch,Debit,Engineer
327.8,61.0,53.99999999999999,1.0,10585.48,0,ATM,Debit,Doctor
445.79,52.0,161.0,1.0,717.9899999999999,0,ATM,Debit,Doctor
55.89,72.0,150.0,1.0,3689.65,3,Online,Debit,Retired
158.41,28.0,16.0,1.0,1512.16,1,Branch,Debit,Student
101.19,64.0,75.0,1.0,14389.45,0,Online,Credit,Doctor
827.14,36.0,265.0,4.0,9800.21,2,Branch,Debit,Engineer
61.970000000000006,74.0,95.0,1.0,7014.69,3,ATM,Debit,Retired
27.21,79.0,102.0,1.0,3520.61,3,ATM,Debit,Retired
173.74,80.0,64.0,1.0,4913.42,3,Online,Debit,Retired
176.11,38.0,105.0,1.0,9155.35,2,Branch,Debit,Engineer
88.4,46.0,174.0,1.0,2567.53,2,Online,Debit,Engineer
567.92,53.0,14.0,1.0,3779.4699999999993,3,Online,Debit,Retired
138.11,68.0,104.0,1.0,4177.65,3,Online,Credit,Retired
456.93,28.0,193.0,1.0,7284.76,2,Branch,Credit,Engineer
101.42,66.0,146.0,1.0,6530.59,3,Online,Debit,Retired
300.61,44.0,51.00000000000001,1.0,7895.540000000001,0,Online,Debit,Doctor
265.94,54.0,132.0,1.0,6781.3,2,Online,Debit,Engineer
345.54,29.0,50.00000000000001,1.0,2091.78,2,Online,Debit,Engineer
411.52,41.0,88.0,1.0,11108.39,0,ATM,Debit,Doctor
111.21,35.0,111.0,1.0,9088.36,0,Branch,Debit,Doctor
316.37,53.0,86.0,1.0,4671.69,2,ATM,Debit,Engineer
260.63,37.0,142.0,1.0,7534.7300000000005,2,Branch,Debit,Engineer
92.36,29.0,144.0,1.0,6353.14,2,ATM,Debit,Engineer
262.06,63.0,118.0,1.0,13587.52,0,Branch,Debit,Doctor
64.5,74.0,230.0,1.0,1351.24,3,ATM,Debit,Retired
253.55,28.0,85.0,5.0,2797.26,2,ATM,Debit,Engineer
408.28,21.0,125.0,3.0,1222.77,1,Branch,Credit,Student
175.94,57.0,89.0,1.0,3728.0400000000004,3,ATM,Debit,Retired
199.47,57.0,142.0,1.0,6067.44,0,Online,Debit,Doctor
51.07,63.0,133.0,1.0,4292.16,3,Branch,Debit,Retired
435.86,56.0,134.0,1.0,3801.8200000000006,3,ATM,Debit,Retired
74.73,64.0,162.0,1.0,6353.22,3,Branch,Credit,Retired
182.79,23.0,14.0,1.0,1251.85,1,Online,Credit,Student
628.36,44.0,107.99999999999999,1.0,11869.71,0,Online,Debit,Doctor
268.39,29.0,177.0,1.0,9409.43,0,Online,Debit,Doctor
362.27,80.0,47.0,1.0,6003.59,3,ATM,Debit,Retired
560.15,50.0,91.99999999999999,1.0,817.83,2,Online,Credit,Engineer
351.99,80.0,45.0,2.0,3663.64,3,ATM,Debit,Retired
132.36,28.0,160.0,1.0,319.65,1,Branch,Debit,Student
24.77,40.0,17.0,1.0,478.23,2,Online,Credit,Engineer
668.67,44.0,143.0,4.0,13446.81,0,Online,Debit,Doctor
80.24,53.0,58.00000000000001,1.0,8012.810000000001,0,Branch,Credit,Doctor
8.65,68.0,198.0,1.0,4201.22,3,ATM,Debit,Retired
178.91,18.0,18.999999999999996,1.0,8870.89,1,ATM,Debit,Student
115.22,27.0,107.99999999999999,1.0,906.1999999999999,2,Branch,Debit,Engineer
161.63,46.0,276.0,1.0,9286.37,0,Online,Debit,Doctor
542.75,70.0,63.0,1.0,2224.08,3,Branch,Credit,Retired
317.47,67.0,16.0,1.0,14639.28,0,Online,Credit,Doctor
280.99,45.0,29.000000000000004,1.0,9733.59,2,Branch,Debit,Engineer
24.19,29.0,28.0,1.0,2756.2,2,ATM,Debit,Engineer
586.85,36.0,86.0,1.0,6655.15,0,ATM,Debit,Doctor
372.41,55.0,143.0,1.0,3233.87,3,ATM,Debit,Retired
63.17,20.0,148.0,1.0,1676.57,1,ATM,Debit,Student
383.69,54.0,285.0,1.0,8371.11,2,Online,Debit,Engineer
247.16999999999996,65.0,149.0,1.0,2611.64,3,Branch,Credit,Retired
48.78,18.0,136.0,1.0,552.06,1,Branch,Credit,Student
4.15,60.0,119.0,1.0,6017.36,3,Branch,Credit,Retired
60.989999999999995,34.0,58.00000000000001,1.0,7281.46,2,Branch,Debit,Engineer
408.19,26.0,241.0,1.0,6847.47,2,Branch,Debit,Engineer
524.6,58.0,75.99999999999999,1.0,13017.7,0,Branch,Debit,Doctor
108.96,26.0,247.0,1.0,7597.660000000001,1,ATM,Debit,Student
70.03,63.0,49.0,1.0,7330.31,3,Branch,Debit,Retired
124.84,52.0,79.0,1.0,6711.78,3,Online,Debit,Retired
324.04,54.0,30.0,1.0,2248.06,3,ATM,Debit,Retired
39.69,70.0,163.0,1.0,3524.68,3,Online,Debit,Retired
157.7,58.0,45.99999999999999,1.0,8332.58,2,Branch,Credit,Engineer
81.27,22.0,68.00000000000001,1.0,1814.48,1,Online,Credit,Student
193.82,37.0,176.0,1.0,3886.7699999999995,2,Branch,Debit,Engineer
16.73,79.0,165.0,1.0,7591.129999999999,3,Online,Debit,Retired
474.05,57.0,214.0,1.0,1484.31,3,ATM,Debit,Retired
39.21,66.0,245.0,4.0,9385.57,0,ATM,Debit,Doctor
637.75,79.0,151.99999999999997,1.0,4202.92,3,Branch,Debit,Retired
153.59,66.0,174.0,1.0,4813.12,3,Branch,Credit,Retired
186.6,18.0,139.0,1.0,9716.68,1,Branch,Debit,Student
644.08,24.0,55.0,1.0,1980.62,1,Online,Debit,Student
226.66,41.0,168.00000000000003,1.0,10216.25,0,Branch,Debit,Doctor
305.0,22.0,222.0,1.0,944.83,1,ATM,Debit,Student
233.1,42.0,37.0,1.0,7469.2,0,Branch,Credit,Doctor
793.13,68.0,75.99999999999999,1.0,13389.16,0,Online,Debit,Doctor
224.19,52.0,93.0,1.0,8475.47,0,ATM,Debit,Doctor
214.83,23.0,63.0,1.0,991.6899999999999,1,ATM,Credit,Student
163.46,63.0,111.0,1.0,6953.8,3,Branch,Credit,Retired
194.99,34.0,91.0,1.0,1370.03,2,Branch,Debit,Engineer
23.4,46.0,175.0,4.0,14851.28,0,ATM,Debit,Doctor
227.5,34.0,277.0,1.0,11505.35,0,Online,Debit,Doctor
259.9,26.0,100.00000000000001,1.0,914.2799999999999,1,Online,Debit,Student
59.51,36.0,55.0,1.0,9955.88,0,Online,Credit,Doctor
50.63,64.0,143.0,1.0,4732.81,3,Online,Debit,Retired
1074.95,20.0,91.0,1.0,530.86,1,Branch,Debit,Student
112.94,73.0,30.999999999999996,1.0,3807.8399999999997,3,Online,Credit,Retired
11.81,21.0,131.0,1.0,320.25,1,ATM,Debit,Student
329.14,55.0,14.0,1.0,12033.92,0,Branch,Debit,Doctor
154.24,61.0,82.0,1.0,6109.55,3,ATM,Debit,Retired
233.44,20.0,297.0,1.0,1691.88,1,Online,Debit,Student
141.8,18.0,116.00000000000001,1.0,1697.67,1,ATM,Debit,Student
209.03,55.0,126.0,1.0,8359.5,2,Branch,Debit,Engineer
1137.63,26.0,144.0,1.0,1629.12,1,ATM,Debit,Student
261.14,42.0,162.0,1.0,6100.08,2,ATM,Debit,Engineer
101.81,45.0,105.0,1.0,13872.03,0,ATM,Debit,Doctor
98.71,32.0,117.0,1.0,10095.23,0,ATM,Debit,Doctor
87.38,21.0,252.0,1.0,1504.99,1,Branch,Debit,Student
83.39,32.0,158.0,1.0,13182.11,0,Branch,Debit,Doctor
267.55,46.0,40.0,1.0,4330.04,2,Online,Debit,Engineer
870.05,29.0,39.0,1.0,905.2499999999999,0,ATM,Debit,Doctor
154.32,38.0,269.0,1.0,6972.5,2,ATM,Credit,Engineer
164.51,78.0,110.0,1.0,3553.69,3,Branch,Debit,Retired
758.12,69.0,90.0,1.0,6164.65,3,ATM,Debit,Retired
103.76,28.0,188.0,1.0,9626.14,2,Online,Debit,Engineer
583.92,55.0,139.0,1.0,6364.14,2,Online,Debit,Engineer
204.06,77.0,159.0,1.0,4351.83,3,Online,Debit,Retired
53.51,56.0,165.0,1.0,5773.5,3,Online,Debit,Retired
1108.46,30.0,262.0,1.0,9257.04,2,Branch,Debit,Engineer
52.95,68.0,14.0,1.0,6335.58,3,Online,Credit,Retired
120.17,49.0,105.0,1.0,5403.79,0,ATM,Debit,Doctor
220.8,31.0,28.0,1.0,8135.31,2,Online,Debit,Engineer
119.01,45.0,87.0,1.0,9798.26,0,ATM,Debit,Doctor
183.32,21.0,74.0,1.0,137.42,1,ATM,Debit,Student
858.88,60.0,227.0,1.0,7015.46,2,Online,Debit,Engineer
11.46,41.0,128.0,1.0,2356.71,2,Online,Credit,Engineer
61.37,75.0,164.0,1.0,4294.44,3,Branch,Debit,Retired
103.08,49.0,150.0,1.0,9251.38,2,Branch,Credit,Engineer
1.2100000000000002,55.0,196.0,1.0,7542.739999999999,3,Branch,Debit,Retired
425.18,26.0,172.0,1.0,9880.71,2,Online,Credit,Engineer
60.96,52.0,238.0,1.0,6189.24,3,ATM,Debit,Retired
64.21,51.0,37.0,1.0,12540.18,0,ATM,Debit,Doctor
523.02,53.0,83.0,1.0,4586.11,3,Online,Debit,Retired
50.26,65.0,164.0,1.0,1519.38,3,Branch,Debit,Retired
110.08,19.0,95.0,1.0,1447.26,1,Branch,Debit,Student
54.47,23.0,34.0,1.0,1131.42,1,Branch,Credit,Student
79.76,68.0,115.0,1.0,10278.75,0,Online,Debit,Doctor
16.79,30.0,146.0,1.0,535.15,0,Online,Credit,Doctor
1531.31,18.0,61.99999999999999,4.0,859.8599999999999,1,Online,Debit,Student
68.62,29.0,157.0,1.0,13891.47,0,Branch,Debit,Doctor
157.16,20.0,280.0,1.0,1545.77,1,Branch,Debit,Student
643.38,18.0,105.0,1.0,1046.74,1,Online,Credit,Student
328.34,42.0,30.999999999999996,1.0,2840.45,2,Online,Credit,Engineer
72.68,69.0,44.0,1.0,6216.77,3,Online,Debit,Retired
354.76,51.0,279.0,1.0,10141.92,0,Branch,Debit,Doctor
793.88,22.0,252.0,1.0,1404.06,1,ATM,Credit,Student
29.22,27.0,69.00000000000001,1.0,7795.79,2,ATM,Debit,Engineer
653.97,37.0,100.00000000000001,1.0,3886.65,2,Online,Debit,Engineer
366.43,21.0,91.99999999999999,1.0,1560.45,1,Online,Credit,Student
120.86,33.0,162.0,4.0,13566.58,0,Online,Debit,Doctor
233.74,72.0,142.0,1.0,4749.54,3,Online,Debit,Retired
471.84,18.0,138.0,1.0,1044.33,1,ATM,Debit,Student
213.4,73.0,100.00000000000001,1.0,2012.24,3,Branch,Credit,Retired
254.20999999999998,48.0,45.99999999999999,1.0,2487.2,2,ATM,Debit,Engineer
577.73,37.0,63.0,1.0,14977.99,0,ATM,Debit,Doctor
170.26,27.0,265.0,1.0,1969.48,1,ATM,Debit,Student
337.73,78.0,107.0,4.0,7001.2,3,Online,Debit,Retired
330.61,64.0,113.0,1.0,2525.25,3,Branch,Credit,Retired
132.33,35.0,47.0,1.0,7457.94,2,ATM,Credit,Engineer
672.74,46.0,118.0,1.0,5386.52,2,Branch,Credit,Engineer
74.04,18.0,66.0,1.0,1690.23,1,Online,Debit,Student
197.18,28.0,135.0,1.0,3114.92,2,Online,Debit,Engineer
21.15,70.0,180.0,1.0,3466.74,3,Branch,Debit,Retired
218.37,62.0,105.0,1.0,9942.24,0,ATM,Debit,Doctor
590.01,29.0,140.0,3.0,9791.74,0,Online,Debit,Doctor
697.82,44.0,153.0,1.0,6824.0,2,Online,Debit,Engineer
302.76,38.0,88.0,3.0,8583.39,2,ATM,Debit,Engineer
148.0,20.0,35.0,1.0,1488.65,1,Branch,Debit,Student
22.26,19.0,56.0,1.0,5583.88,1,Branch,Debit,Student
0.86,25.0,139.0,1.0,1357.22,1,ATM,Debit,Student
757.1,65.0,203.0,1.0,10553.23,0,Branch,Debit,Doctor
38.81,25.0,145.0,1.0,1619.6,1,Online,Credit,Student
76.51,49.0,120.0,4.0,9475.4,2,Online,Credit,Engineer
32.46,31.0,10.0,1.0,8656.18,0,Online,Debit,Doctor
1022.7499999999999,62.0,158.0,1.0,207.74,0,Branch,Credit,Doctor
20.64,22.0,59.00000000000001,1.0,949.38,1,Branch,Debit,Student
662.11,23.0,219.0,1.0,1996.38,1,Branch,Debit,Student
288.77,55.0,110.0,1.0,8836.51,2,ATM,Debit,Engineer
35.05,30.0,105.0,1.0,14330.47,0,Branch,Debit,Doctor
214.73,46.0,26.0,1.0,5368.42,0,ATM,Credit,Doctor
25.38,57.0,66.0,1.0,8616.05,2,Branch,Debit,Engineer
617.66,41.0,40.0,1.0,5906.58,2,ATM,Debit,Engineer
446.39,63.0,77.0,1.0,7863.6,3,ATM,Debit,Retired
377.92,33.0,204.0,1.0,2254.71,2,Branch,Debit,Engineer
11.04,30.0,43.0,1.0,6983.04,2,Online,Debit,Engineer
275.46,36.0,67.0,1.0,9697.75,0,ATM,Debit,Doctor
179.76,78.0,81.0,1.0,5909.52,3,Online,Debit,Retired
32.34,44.0,45.0,1.0,7847.619999999999,0,Branch,Debit,Doctor
273.92,79.0,109.0,1.0,4543.56,3,Branch,Debit,Retired
375.45,19.0,32.0,1.0,1307.23,1,Branch,Debit,Student
388.98,23.0,155.0,1.0,1819.91,1,ATM,Debit,Student
492.84,25.0,37.99999999999999,1.0,577.67,1,ATM,Debit,Student
148.85,57.0,25.000000000000004,1.0,7802.360000000001,0,ATM,Debit,Doctor
119.95,62.0,47.0,5.0,2596.61,3,Branch,Credit,Retired
391.66,50.0,103.0,1.0,2406.31,2,Branch,Debit,Engineer
185.99,41.0,53.00000000000001,1.0,402.45,2,Branch,Credit,Engineer
322.48,27.0,57.0,1.0,1238.43,1,ATM,Debit,Student
20.27,18.0,22.0,1.0,796.3499999999999,1,Branch,Debit,Student
280.61,47.0,129.0,3.0,7888.76,2,ATM,Debit,Engineer
199.02,61.0,269.0,1.0,4658.89,3,ATM,Debit,Retired
104.23,63.0,107.99999999999999,1.0,5009.29,3,Online,Credit,Retired
353.59,52.0,109.0,5.0,1822.34,3,Branch,Credit,Retired
55.86,39.0,68.00000000000001,1.0,5346.46,2,Online,Debit,Engineer
10.77,31.0,178.0,1.0,10704.95,0,ATM,Debit,Doctor
95.55,33.0,51.00000000000001,1.0,2434.74,2,Branch,Debit,Engineer
477.07,27.0,278.0,1.0,6568.07,2,Online,Debit,Engineer
9.1,52.0,63.0,1.0,2791.45,3,Online,Credit,Retired
21.41,57.0,99.0,1.0,658.91,0,Online,Debit,Doctor
278.28,28.0,26.0,1.0,1346.88,1,Branch,Debit,Student
388.1,73.0,40.0,1.0,3022.12,3,Online,Credit,Retired
215.39,27.0,215.99999999999997,1.0,1582.55,1,ATM,Debit,Student
194.37,66.0,161.0,1.0,14395.88,0,ATM,Debit,Doctor
37.7,20.0,109.0,1.0,1741.1,1,ATM,Debit,Student
19.59,64.0,122.0,1.0,1061.69,3,Branch,Debit,Retired
81.35,41.0,103.0,1.0,7192.45,2,Online,Debit,Engineer
314.54,58.0,228.0,1.0,9923.45,2,Branch,Credit,Engineer
466.64,58.0,11.0,1.0,10915.11,0,ATM,Debit,Doctor
397.01,22.0,100.00000000000001,1.0,719.52,1,ATM,Debit,Student
472.48,55.0,87.0,1.0,7128.82,2,Branch,Debit,Engineer
67.15,59.0,14.0,1.0,9028.49,0,Online,Debit,Doctor
102.67,79.0,119.0,1.0,4656.94,3,Branch,Debit,Retired
460.09,35.0,146.0,3.0,6990.64,0,Online,Credit,Doctor
453.49,66.0,147.0,1.0,6366.43,0,Branch,Debit,Doctor
267.17,26.0,170.0,1.0,1382.62,1,ATM,Debit,Student
111.26,66.0,43.0,1.0,14350.11,0,ATM,Debit,Doctor
121.17000000000002,68.0,158.0,1.0,12990.77,0,ATM,Debit,Doctor
213.28,51.0,94.0,1.0,4835.91,3,Branch,Debit,Retired
187.88,60.0,180.0,1.0,2154.58,2,ATM,Debit,Engineer
471.88,34.0,141.0,1.0,14833.34,0,Online,Credit,Doctor
83.79,57.0,47.0,1.0,5061.3,2,ATM,Debit,Engineer
212.14,72.0,105.0,1.0,7225.06,3,Branch,Debit,Retired
99.16,79.0,202.0,1.0,2607.58,3,Online,Debit,Retired
839.33,60.0,86.0,1.0,11538.97,0,Branch,Credit,Doctor
29.91,76.0,43.0,3.0,2834.84,3,Online,Credit,Retired
4.24,38.0,37.99999999999999,1.0,7822.729999999999,2,Online,Debit,Engineer
50.29,58.0,64.0,1.0,7604.9,0,Online,Credit,Doctor
135.85,57.0,269.0,1.0,1480.39,3,Online,Debit,Retired
368.53,68.0,34.0,1.0,13696.31,0,Branch,Debit,Doctor
17.95,64.0,135.0,1.0,12344.9,0,Branch,Credit,Doctor
127.8,31.0,47.0,1.0,8630.99,2,Branch,Credit,Engineer
16.73,45.0,48.0,1.0,2202.62,2,Online,Debit,Engineer
317.12,44.0,80.0,1.0,14409.74,0,Branch,Debit,Doctor
476.63,79.0,115.0,1.0,4894.25,3,ATM,Debit,Retired
156.58,24.0,160.0,1.0,8981.61,1,Branch,Debit,Student
55.12,34.0,261.0,1.0,3791.99,2,Online,Credit,Engineer
15.74,27.0,37.99999999999999,1.0,690.16,1,Branch,Debit,Student
353.68,70.0,145.0,1.0,6777.12,3,Online,Debit,Retired
297.15,76.0,178.0,1.0,5449.37,3,Online,Debit,Retired
647.85,36.0,121.0,1.0,13779.97,0,Branch,Debit,Doctor
75.04,49.0,178.0,1.0,9648.6,2,ATM,Debit,Engineer
273.92,28.0,35.0,1.0,1029.15,1,Online,Debit,Student
215.8,51.0,66.0,1.0,3656.62,3,Branch,Credit,Retired
963.77,41.0,247.99999999999997,1.0,6710.51,2,ATM,Debit,Engineer
420.6,26.0,55.0,1.0,1778.75,1,Branch,Debit,Student
688.36,23.0,22.0,1.0,5191.13,1,Branch,Credit,Student
285.18,55.0,150.0,1.0,14847.97,0,Branch,Credit,Doctor
213.55,63.0,15.0,1.0,5238.37,0,ATM,Debit,Doctor
463.11,51.0,159.0,1.0,10238.82,0,Branch,Credit,Doctor
150.03,73.0,176.0,1.0,7491.42,3,ATM,Debit,Retired
428.61,51.0,131.0,1.0,2116.36,3,Branch,Debit,Retired
309.56,58.0,147.0,1.0,972.04,0,Online,Debit,Doctor
377.08,26.0,71.0,1.0,6430.86,1,Branch,Credit,Student
77.25,68.0,157.0,1.0,14077.97,0,Branch,Debit,Doctor
146.92,64.0,272.0,1.0,3990.6,3,ATM,Debit,Retired
126.6,22.0,146.0,1.0,961.6499999999999,1,Branch,Debit,Student
101.34,24.0,45.99999999999999,1.0,703.2599999999999,1,ATM,Debit,Student
184.97,58.0,268.0,1.0,1156.67,0,Branch,Debit,Doctor
451.15,46.0,175.0,1.0,1356.47,2,ATM,Debit,Engineer
516.47,25.0,94.0,1.0,1305.06,1,ATM,Credit,Student
880.04,25.0,29.000000000000004,1.0,261.97,1,ATM,Debit,Student
353.69,59.0,163.0,1.0,9500.79,2,Online,Debit,Engineer
66.69,25.0,140.0,1.0,1210.33,1,Branch,Credit,Student
95.75,31.0,169.0,1.0,337.62,2,Branch,Debit,Engineer
43.91,27.0,86.0,1.0,1806.68,1,Online,Debit,Student
98.03,54.0,165.0,1.0,6323.45,2,Branch,Debit,Engineer
617.66,42.0,128.0,1.0,7155.95,2,ATM,Debit,Engineer
888.57,62.0,102.0,1.0,7896.14,3,Online,Debit,Retired
107.48,22.0,129.0,1.0,591.2299999999999,1,Branch,Debit,Student
36.57,62.0,69.00000000000001,1.0,2583.07,3,ATM,Debit,Retired
575.62,43.0,129.0,1.0,234.40999999999997,0,Online,Debit,Doctor
84.89,37.0,70.0,1.0,4735.61,2,ATM,Debit,Engineer
832.3,69.0,86.0,1.0,6617.52,3,Branch,Credit,Retired
180.65,22.0,37.99999999999999,5.0,816.0099999999999,1,Branch,Debit,Student
7.759999999999999,52.0,84.00000000000001,1.0,7393.11,3,Online,Credit,Retired
109.3,56.0,26.999999999999996,1.0,13510.11,0,Branch,Debit,Doctor
230.08,79.0,123.99999999999999,1.0,4466.1,3,Online,Debit,Retired
361.92,54.0,111.0,1.0,7474.31,3,ATM,Debit,Retired
71.29,68.0,55.0,2.0,7225.63,3,ATM,Debit,Retired
122.44999999999999,46.0,98.0,1.0,7255.49,0,Branch,Debit,Doctor
642.53,65.0,128.0,1.0,11417.91,0,ATM,Debit,Doctor
62.86000000000001,25.0,30.999999999999996,1.0,1040.43,1,Branch,Debit,Student
175.21,69.0,69.00000000000001,1.0,6039.04,0,ATM,Credit,Doctor
168.0,32.0,11.0,1.0,3498.58,2,Branch,Credit,Engineer
11.46,67.0,73.0,1.0,6628.75,3,Online,Debit,Retired
382.07,62.0,147.0,1.0,10156.09,0,Branch,Credit,Doctor
13.48,18.0,20.0,3.0,521.88,1,Online,Debit,Student
65.32,28.0,53.99999999999999,1.0,9165.02,1,ATM,Debit,Student
83.07,27.0,291.0,4.0,6704.76,2,Branch,Debit,Engineer
730.1,77.0,93.0,1.0,6384.05,3,Branch,Credit,Retired
85.31,62.0,26.999999999999996,1.0,6095.65,3,ATM,Debit,Retired
726.61,18.0,277.0,1.0,1008.76,1,ATM,Debit,Student
130.4,45.0,63.0,1.0,4381.24,2,Branch,Debit,Engineer
68.1,20.0,47.0,1.0,1382.8,1,ATM,Debit,Student
65.26,26.0,72.0,1.0,7380.63,1,Branch,Debit,Student
191.62,63.0,51.00000000000001,1.0,1981.6700000000003,0,Branch,Debit,Doctor
212.88,39.0,122.0,1.0,7036.72,0,Online,Debit,Doctor
88.38,30.0,138.0,1.0,3707.82,2,ATM,Debit,Engineer
48.77,42.0,51.00000000000001,1.0,2040.1600000000003,2,Online,Credit,Engineer
289.1,27.0,206.0,1.0,267.53,1,ATM,Debit,Student
390.09,26.0,49.0,1.0,2617.23,2,Online,Debit,Engineer
48.29,37.0,242.0,1.0,8883.4,2,Online,Debit,Engineer
333.83,63.0,135.0,1.0,1660.66,3,ATM,Debit,Retired
1074.29,67.0,79.0,1.0,2011.6,3,Branch,Debit,Retired
100.27,79.0,51.00000000000001,1.0,4309.9,3,Online,Debit,Retired
44.54,31.0,164.0,1.0,362.4,2,ATM,Debit,Engineer
1156.18,52.0,40.0,1.0,836.69,0,Online,Credit,Doctor
82.17,28.0,21.000000000000004,1.0,1913.06,1,Branch,Debit,Student
1045.45,19.0,150.0,1.0,563.46,1,Online,Debit,Student
447.42,32.0,65.0,1.0,6133.22,2,Online,Debit,Engineer
590.26,25.0,48.0,1.0,1068.28,1,Branch,Credit,Student
192.73,71.0,157.0,1.0,2037.7499999999998,3,Branch,Debit,Retired
146.01,26.0,269.0,1.0,221.79,1,Online,Debit,Student
136.05,24.0,63.0,3.0,1127.54,1,Online,Debit,Student
11.57,56.0,64.0,1.0,2061.61,3,Branch,Credit,Retired
102.34,51.0,78.0,1.0,9326.28,0,Online,Debit,Doctor
7.820000000000001,36.0,273.0,1.0,2240.49,2,ATM,Debit,Engineer
79.43,74.0,72.0,1.0,6579.37,3,ATM,Debit,Retired
386.97,58.0,137.0,1.0,1876.35,3,Branch,Debit,Retired
51.22,23.0,82.0,1.0,1664.59,1,Branch,Debit,Student
256.05,54.0,35.0,1.0,6910.18,3,ATM,Debit,Retired
7.79,34.0,298.0,1.0,1319.85,0,Branch,Debit,Doctor
233.71,63.0,11.0,1.0,6095.5,0,Branch,Debit,Doctor
176.37,55.0,126.0,1.0,2420.86,3,Branch,Debit,Retired
122.62999999999998,21.0,153.0,1.0,359.06,1,Branch,Debit,Student
86.41,75.0,125.0,1.0,3128.71,3,ATM,Debit,Retired
21.57,54.0,71.0,1.0,7587.48,3,ATM,Debit,Retired
82.67,26.0,45.99999999999999,1.0,290.59,1,Branch,Debit,Student
451.35,47.0,223.0,1.0,7707.959999999999,2,Branch,Credit,Engineer
299.42,63.0,53.00000000000001,1.0,4735.41,3,Branch,Credit,Retired
543.47,18.0,122.0,1.0,6165.03,1,ATM,Debit,Student
346.76,21.0,116.00000000000001,1.0,1637.75,1,Branch,Credit,Student
47.48,24.0,66.0,1.0,585.5199999999999,1,Branch,Debit,Student
64.92,58.0,236.0,1.0,5481.76,2,Branch,Debit,Engineer
350.72,28.0,48.0,1.0,1982.8999999999999,1,ATM,Credit,Student
3.8000000000000003,65.0,174.0,1.0,5766.96,0,Online,Debit,Doctor
22.54,26.0,42.00000000000001,1.0,7139.11,2,Online,Debit,Engineer
767.14,62.0,37.99999999999999,1.0,4732.57,3,Branch,Credit,Retired
167.47,35.0,103.0,1.0,2293.13,2,ATM,Debit,Engineer
43.65,30.0,212.0,1.0,2870.67,2,Branch,Credit,Engineer
391.08,56.0,105.0,1.0,6885.16,3,Online,Debit,Retired
390.77,44.0,34.0,1.0,5500.56,0,Online,Debit,Doctor
508.15999999999997,39.0,131.0,1.0,5609.44,2,ATM,Debit,Engineer
36.76,65.0,107.99999999999999,1.0,1228.93,3,Online,Credit,Retired
332.33,27.0,101.0,1.0,192.63,1,ATM,Debit,Student
362.09,32.0,30.999999999999996,1.0,6590.28,2,Branch,Debit,Engineer
42.58,30.0,80.0,1.0,13485.0,0,Online,Debit,Doctor
122.35,53.0,188.0,1.0,6472.5,3,Branch,Credit,Retired
248.65999999999997,28.0,113.0,1.0,2571.39,2,Online,Debit,Engineer
461.25,54.0,171.0,1.0,676.0999999999999,0,Online,Credit,Doctor
61.77000000000001,56.0,49.0,1.0,12352.2,0,Branch,Debit,Doctor
268.92,29.0,148.0,1.0,8765.38,2,Branch,Debit,Engineer
303.97,24.0,77.0,5.0,1590.88,1,Online,Debit,Student
219.02,54.0,68.00000000000001,1.0,7375.73,2,Online,Credit,Engineer
125.14,20.0,30.999999999999996,1.0,1845.18,1,Branch,Debit,Student
47.6,53.0,115.0,1.0,1382.51,2,Online,Debit,Engineer
592.82,74.0,247.99999999999997,1.0,7508.98,3,Online,Debit,Retired
372.5,22.0,211.0,1.0,3901.82,1,ATM,Debit,Student
4.72,32.0,20.0,1.0,4792.01,2,Branch,Debit,Engineer
144.93,42.0,74.0,1.0,6887.52,2,Branch,Debit,Engineer
316.56,28.0,261.0,1.0,8643.51,2,Online,Debit,Engineer
9.18,22.0,140.0,1.0,887.3199999999999,1,Online,Debit,Student
421.25,25.0,66.0,1.0,7174.69,1,Online,Debit,Student
185.71,48.0,194.0,1.0,2679.91,2,Branch,Debit,Engineer
1432.02,60.0,138.0,1.0,4315.07,3,Branch,Debit,Retired
26.27,45.0,177.0,1.0,8853.93,2,Online,Credit,Engineer
297.03,61.0,151.0,1.0,1088.62,3,Online,Debit,Retired
341.67,53.0,96.0,5.0,1442.29,3,Branch,Debit,Retired
99.52,52.0,127.0,1.0,3798.0900000000006,2,ATM,Debit,Engineer
881.1,28.0,16.0,1.0,9951.68,1,Branch,Debit,Student
139.69,52.0,180.0,1.0,9567.94,2,Online,Debit,Engineer
42.72,37.0,143.0,1.0,2669.66,2,ATM,Debit,Engineer
112.72,31.0,17.0,1.0,9630.0,0,Branch,Debit,Doctor
568.88,19.0,105.0,1.0,1307.86,1,Branch,Debit,Student
189.03,28.0,50.00000000000001,1.0,1916.46,1,ATM,Debit,Student
199.8,20.0,163.0,1.0,167.28,1,ATM,Debit,Student
189.08,68.0,238.0,1.0,10790.8,0,Branch,Debit,Doctor
958.9,31.0,135.0,1.0,9977.49,2,Branch,Debit,Engineer
409.59,35.0,50.00000000000001,1.0,14563.02,0,Online,Debit,Doctor
349.34,28.0,245.0,1.0,614.1399999999999,1,ATM,Credit,Student
283.15,24.0,180.0,1.0,603.79,1,Online,Debit,Student
151.82,51.0,105.0,1.0,2197.12,3,ATM,Debit,Retired
438.59,37.0,103.0,1.0,8994.39,2,Online,Debit,Engineer
590.57,79.0,93.0,1.0,3224.6,3,ATM,Debit,Retired
63.74,63.0,30.999999999999996,1.0,4336.4,3,Online,Debit,Retired
77.02,59.0,132.0,1.0,800.8299999999999,0,Online,Credit,Doctor
501.15,47.0,208.0,1.0,8821.84,2,Branch,Debit,Engineer
917.81,64.0,75.0,2.0,3173.17,3,ATM,Debit,Retired
8.95,76.0,102.0,1.0,3299.84,3,Online,Debit,Retired
173.6,21.0,160.0,1.0,421.44,1,Online,Debit,Student
149.4,53.0,123.0,1.0,1035.22,3,ATM,Debit,Retired
388.21,53.0,237.0,1.0,9724.49,0,Branch,Credit,Doctor
484.3,61.0,230.0,3.0,7910.300000000001,3,Online,Credit,Retired
126.04,65.0,167.0,1.0,6041.69,3,Branch,Credit,Retired
52.04,50.0,30.999999999999996,1.0,8436.12,0,Branch,Credit,Doctor
389.7,62.0,215.99999999999997,1.0,7125.15,0,Branch,Credit,Doctor
161.1,19.0,104.0,1.0,239.11999999999998,1,ATM,Credit,Student
309.77,67.0,137.0,1.0,4378.14,3,Online,Credit,Retired
838.57,41.0,273.0,1.0,14576.47,0,ATM,Debit,Doctor
202.55,21.0,34.0,2.0,701.7299999999999,1,ATM,Debit,Student
724.18,41.0,134.0,1.0,10922.78,0,Branch,Debit,Doctor
124.98,24.0,78.0,1.0,641.9999999999999,1,ATM,Debit,Student
487.32,52.0,164.0,1.0,7707.959999999999,0,Branch,Debit,Doctor
635.91,46.0,78.0,1.0,13267.09,0,Branch,Credit,Doctor
205.65,62.0,144.0,1.0,3582.16,3,Branch,Debit,Retired
39.41,25.0,132.0,1.0,921.91,1,Branch,Debit,Student
254.00000000000003,35.0,63.0,1.0,5788.53,0,Branch,Debit,Doctor
436.8,36.0,213.0,1.0,4515.43,2,Branch,Debit,Engineer
224.73,76.0,63.0,1.0,7551.890000000001,3,Branch,Debit,Retired
752.69,65.0,115.0,1.0,14489.69,0,ATM,Credit,Doctor
78.5,31.0,41.0,1.0,13991.5,0,Branch,Credit,Doctor
50.0,53.0,87.0,1.0,185.87,0,ATM,Credit,Doctor
132.42,18.0,164.0,1.0,726.3899999999999,1,ATM,Debit,Student
11.67,76.0,105.0,1.0,7458.629999999999,3,Branch,Debit,Retired
83.16,61.0,177.0,1.0,3065.87,3,ATM,Debit,Retired
149.02,46.0,176.0,1.0,9379.72,2,Branch,Credit,Engineer
74.27,59.0,148.0,1.0,13696.61,0,Online,Credit,Doctor
876.57,62.0,118.0,1.0,3743.6300000000006,3,ATM,Credit,Retired
615.58,42.0,133.0,1.0,14343.0,0,ATM,Debit,Doctor
643.03,36.0,52.00000000000001,1.0,2882.16,2,Online,Credit,Engineer
7.950000000000001,79.0,65.0,1.0,5631.2,3,ATM,Debit,Retired
270.92,77.0,143.0,1.0,4574.43,3,Branch,Credit,Retired
499.47999999999996,24.0,133.0,1.0,1242.62,1,ATM,Debit,Student
841.5,25.0,287.0,1.0,352.31,1,Branch,Credit,Student
138.82,77.0,53.00000000000001,1.0,3100.22,3,Online,Debit,Retired
231.46,60.0,83.0,1.0,4707.24,2,Branch,Credit,Engineer
292.08,72.0,32.0,1.0,7950.48,3,ATM,Debit,Retired
63.98,54.0,258.0,1.0,7954.12,0,Online,Debit,Doctor
235.21,67.0,74.0,1.0,5946.61,0,Branch,Debit,Doctor
201.73,57.0,78.0,1.0,6650.71,2,Online,Debit,Engineer
161.31,28.0,13.0,1.0,1268.67,1,ATM,Debit,Student
18.41,53.0,168.00000000000003,1.0,8287.54,0,Branch,Debit,Doctor
471.75,34.0,41.0,1.0,12948.5,0,Branch,Credit,Doctor
290.02,55.0,246.0,1.0,4746.71,2,Branch,Debit,Engineer
48.05,27.0,37.99999999999999,1.0,5334.97,2,Branch,Debit,Engineer
359.42,55.0,30.0,1.0,1765.45,0,Branch,Debit,Doctor
32.91,19.0,255.0,1.0,427.3,1,Online,Debit,Student
3.8000000000000003,67.0,140.0,1.0,6285.39,3,Branch,Debit,Retired
31.81,51.0,149.0,1.0,1406.6,3,Online,Debit,Retired
220.2,28.0,102.0,1.0,1075.15,1,Online,Debit,Student
476.03,77.0,99.0,1.0,5958.34,3,Branch,Credit,Retired
141.91,23.0,49.0,1.0,791.9699999999999,1,Branch,Debit,Student
95.83,27.0,91.0,1.0,1726.4,1,Online,Debit,Student
51.15,46.0,199.0,1.0,8992.25,2,Branch,Credit,Engineer
1192.2,60.0,103.0,5.0,7816.410000000001,3,Branch,Credit,Retired
50.75,62.0,185.0,1.0,8271.47,0,ATM,Debit,Doctor
185.07,22.0,159.0,1.0,636.42,1,Branch,Debit,Student
293.54,40.0,45.0,1.0,2290.1,2,Online,Debit,Engineer
23.38,32.0,89.0,1.0,9968.49,2,Branch,Debit,Engineer
285.26,28.0,93.0,1.0,167.72,1,ATM,Debit,Student
129.48,31.0,179.0,1.0,7581.7,2,ATM,Debit,Engineer
743.03,50.0,174.0,1.0,4111.38,2,ATM,Debit,Engineer
297.86,28.0,96.0,1.0,1680.14,1,ATM,Credit,Student
231.92,66.0,12.0,1.0,5715.08,0,ATM,Debit,Doctor
295.82,47.0,45.99999999999999,1.0,5897.73,2,Branch,Credit,Engineer
302.86,55.0,275.0,1.0,5239.24,0,Online,Debit,Doctor
81.08,58.0,56.0,1.0,7788.910000000001,2,ATM,Debit,Engineer
775.6,79.0,158.0,1.0,3898.6400000000003,3,Branch,Credit,Retired
178.43,26.0,136.0,1.0,1214.93,1,Branch,Debit,Student
211.91,20.0,181.0,1.0,927.4699999999999,1,Online,Debit,Student
17.21,23.0,219.0,1.0,914.16,1,Online,Debit,Student
124.22,23.0,172.0,1.0,9695.04,1,ATM,Debit,Student
38.37,63.0,135.0,1.0,8647.04,0,ATM,Debit,Doctor
269.79,52.0,17.0,1.0,1292.1,2,ATM,Debit,Engineer
605.42,21.0,33.0,1.0,392.34,1,ATM,Debit,Student
11.19,60.0,40.0,1.0,9877.17,2,ATM,Debit,Engineer
29.19,58.0,41.0,1.0,12059.85,0,Branch,Credit,Doctor
701.7,61.0,64.0,1.0,6643.24,3,Online,Credit,Retired
862.34,57.0,72.0,1.0,9903.48,0,Branch,Debit,Doctor
410.97,22.0,45.0,1.0,151.42,1,ATM,Debit,Student
36.97,41.0,79.0,1.0,2850.92,2,Branch,Debit,Engineer
137.59,30.0,95.0,1.0,10679.67,0,ATM,Debit,Doctor
168.11,51.0,12.0,1.0,10652.13,0,Online,Credit,Doctor
430.98,24.0,93.0,1.0,569.25,1,Branch,Debit,Student
13.87,24.0,20.0,1.0,954.83,1,Branch,Debit,Student
642.68,76.0,66.0,1.0,1831.2,3,ATM,Debit,Retired
175.07,28.0,169.0,2.0,9274.64,2,Online,Debit,Engineer
302.82,36.0,175.0,1.0,9384.54,2,ATM,Debit,Engineer
1647.74,67.0,52.00000000000001,1.0,1483.84,3,ATM,Debit,Retired
406.81,66.0,84.00000000000001,1.0,1968.3600000000001,3,Online,Debit,Retired
256.3,53.0,172.0,1.0,4203.05,3,Online,Debit,Retired
80.96,19.0,97.0,1.0,959.9399999999999,1,Online,Credit,Student
95.78,22.0,26.999999999999996,1.0,271.64,1,Online,Debit,Student
379.54,41.0,118.0,1.0,12571.76,0,Branch,Credit,Doctor
903.19,22.0,65.0,1.0,8627.08,1,Online,Debit,Student
142.19,18.0,26.999999999999996,4.0,524.46,1,Branch,Debit,Student
847.45,28.0,175.0,1.0,422.32,1,Branch,Debit,Student
295.18,66.0,30.999999999999996,1.0,12961.53,0,Branch,Credit,Doctor
18.46,68.0,213.0,1.0,6381.6,3,Branch,Debit,Retired
603.23,28.0,48.0,1.0,117.98000000000002,1,Branch,Debit,Student
54.5,57.0,147.0,1.0,1715.22,3,Branch,Credit,Retired
414.77,29.0,274.0,1.0,5599.81,0,Online,Debit,Doctor
886.19,61.0,69.00000000000001,1.0,7904.240000000001,3,Branch,Debit,Retired
440.03,49.0,88.0,1.0,1490.44,2,Online,Debit,Engineer
35.46,56.0,285.0,1.0,1532.72,3,ATM,Debit,Retired
76.39,18.0,219.0,1.0,5976.0,1,Branch,Debit,Student
595.91,19.0,162.0,1.0,1673.76,1,ATM,Credit,Student
6.03,76.0,70.0,1.0,3290.72,3,Branch,Debit,Retired
249.34,26.0,197.0,1.0,3030.97,2,ATM,Debit,Engineer
421.52,20.0,67.0,1.0,369.86,1,Branch,Debit,Student
189.77,58.0,24.0,1.0,6570.36,2,Branch,Debit,Engineer
73.19,76.0,213.0,1.0,2264.98,3,Branch,Debit,Retired
188.13,75.0,198.0,1.0,5029.87,3,Online,Credit,Retired
30.52,62.0,122.0,1.0,12327.74,0,Branch,Debit,Doctor
1235.69,20.0,118.0,1.0,420.25,1,Branch,Credit,Student
1159.39,41.0,150.0,1.0,6499.53,0,Online,Debit,Doctor
170.24,62.0,133.0,1.0,5172.99,3,Branch,Debit,Retired
56.62,54.0,121.0,1.0,8981.1,0,Branch,Debit,Doctor
53.14,34.0,70.0,1.0,7914.999999999999,0,ATM,Debit,Doctor
587.23,27.0,144.0,1.0,500.84,1,Online,Debit,Student
146.15,43.0,75.0,1.0,13784.4,0,Branch,Debit,Doctor
21.27,62.0,114.0,1.0,7392.79,3,Online,Credit,Retired
1397.59,26.0,144.0,1.0,1134.79,1,ATM,Credit,Student
76.02,34.0,189.0,1.0,14765.41,0,Online,Credit,Doctor
170.19,27.0,156.0,5.0,745.87,1,Branch,Credit,Student
155.51,68.0,15.0,1.0,5360.19,0,ATM,Debit,Doctor
135.15,72.0,50.00000000000001,1.0,5878.14,3,Online,Debit,Retired
39.48,56.0,37.99999999999999,1.0,5889.51,3,ATM,Debit,Retired
451.68,33.0,15.0,1.0,4381.54,2,Online,Debit,Engineer
19.11,49.0,160.0,1.0,8478.46,2,Online,Credit,Engineer
355.0,26.0,33.0,1.0,185.47,1,Online,Credit,Student
427.69,43.0,236.0,1.0,2443.54,2,ATM,Debit,Engineer
254.86,23.0,102.0,1.0,699.8999999999999,1,Branch,Debit,Student
19.48,27.0,114.0,1.0,4739.59,2,ATM,Debit,Engineer
190.17,49.0,265.0,1.0,12893.85,0,ATM,Debit,Doctor
91.38,65.0,179.0,1.0,2402.58,3,ATM,Debit,Retired
206.63,59.0,128.0,1.0,7626.53,3,Online,Credit,Retired
93.22,52.0,52.00000000000001,1.0,1014.6300000000001,3,Online,Debit,Retired
547.98,28.0,171.0,1.0,1358.54,1,ATM,Debit,Student
641.06,23.0,25.000000000000004,1.0,1602.13,1,ATM,Debit,Student
314.55,27.0,18.999999999999996,2.0,1105.89,1,Branch,Credit,Student
836.45,61.0,63.0,1.0,1731.89,3,Online,Debit,Retired
1095.09,29.0,52.00000000000001,1.0,8692.47,2,ATM,Debit,Engineer
189.45,53.0,61.99999999999999,1.0,12578.75,0,Branch,Credit,Doctor
91.84,67.0,80.0,1.0,1712.41,3,Branch,Credit,Retired
609.52,78.0,169.0,1.0,3485.03,3,ATM,Debit,Retired
859.3,78.0,68.00000000000001,1.0,1146.78,3,Branch,Credit,Retired
100.01,50.0,63.0,1.0,6393.12,0,ATM,Debit,Doctor
28.78,40.0,51.00000000000001,1.0,680.5499999999998,0,Online,Credit,Doctor
111.08,70.0,83.0,1.0,7037.34,0,Online,Debit,Doctor
470.96,69.0,123.99999999999999,2.0,12991.03,0,Online,Credit,Doctor
52.23,28.0,96.0,1.0,105.01,1,Branch,Credit,Student
78.62,32.0,52.00000000000001,1.0,1360.85,0,Branch,Debit,Doctor
47.79,25.0,37.0,1.0,1649.92,1,Branch,Debit,Student
333.97,52.0,45.0,1.0,5237.36,0,Branch,Debit,Doctor
30.87,33.0,295.0,1.0,14348.65,0,ATM,Debit,Doctor
710.43,67.0,115.0,1.0,5625.55,3,Online,Debit,Retired
220.23,41.0,48.0,1.0,3438.02,2,ATM,Debit,Engineer
27.28,29.0,96.0,1.0,10668.24,0,ATM,Debit,Doctor
101.52,49.0,98.0,1.0,2018.9000000000003,2,ATM,Debit,Engineer
162.65,59.0,147.0,1.0,9500.95,2,ATM,Debit,Engineer
10.52,55.0,30.0,1.0,2472.99,3,ATM,Debit,Retired
270.72,38.0,37.0,1.0,6522.47,0,Branch,Debit,Doctor
202.34,20.0,134.0,1.0,1223.45,1,Online,Debit,Student
247.58,39.0,151.99999999999997,1.0,778.74,2,ATM,Debit,Engineer
686.17,61.0,96.0,1.0,2246.15,3,ATM,Debit,Retired
359.65,25.0,289.0,1.0,219.53,1,Online,Credit,Student
109.91,38.0,90.0,1.0,12896.06,0,Branch,Debit,Doctor
215.72,30.0,137.0,1.0,8697.11,2,Branch,Credit,Engineer
490.76,66.0,156.0,1.0,6414.11,3,Online,Debit,Retired
224.28,64.0,68.00000000000001,1.0,5767.51,3,Online,Debit,Retired
614.03,68.0,51.00000000000001,1.0,2815.86,3,ATM,Debit,Retired
608.79,55.0,157.0,1.0,2991.17,2,Online,Debit,Engineer
186.55,48.0,288.0,1.0,224.65,2,Branch,Debit,Engineer
840.16,20.0,68.00000000000001,1.0,1236.76,1,Branch,Credit,Student
203.34,60.0,66.0,1.0,13586.99,0,ATM,Debit,Doctor
90.88,26.0,284.0,1.0,7117.35,2,ATM,Debit,Engineer
60.11,61.0,122.0,1.0,7235.87,3,Branch,Credit,Retired
393.92,72.0,47.0,1.0,7318.64,3,Branch,Debit,Retired
19.39,43.0,45.0,1.0,9847.6,0,ATM,Debit,Doctor
557.41,80.0,49.0,1.0,2968.75,3,Online,Credit,Retired
57.07,31.0,99.0,1.0,9323.71,0,Online,Credit,Doctor
395.27,18.0,167.0,1.0,1764.08,1,Online,Credit,Student
289.05,75.0,116.00000000000001,1.0,5683.49,3,ATM,Debit,Retired
46.11,33.0,233.0,1.0,5225.73,0,Online,Debit,Doctor
335.5,63.0,47.0,1.0,6445.4,3,ATM,Debit,Retired
388.07,24.0,68.00000000000001,1.0,289.71,1,Online,Debit,Student
520.86,51.0,66.0,1.0,9200.74,2,Online,Credit,Engineer
787.41,25.0,39.0,1.0,300.87,1,Online,Debit,Student
31.699999999999996,48.0,121.0,1.0,743.8999999999999,0,ATM,Credit,Doctor
22.3,21.0,90.0,1.0,1200.35,1,ATM,Debit,Student
203.12,56.0,181.0,1.0,1562.39,3,ATM,Debit,Retired
315.94,49.0,172.0,1.0,7719.709999999999,0,Branch,Credit,Doctor
192.23,54.0,39.0,3.0,2610.67,2,Online,Debit,Engineer
1510.71,66.0,51.00000000000001,1.0,2060.02,3,Online,Debit,Retired
0.26,20.0,173.0,1.0,1833.67,1,Online,Debit,Student
210.77,71.0,161.0,1.0,5396.65,3,ATM,Debit,Retired
406.65,57.0,107.0,1.0,12995.7,0,ATM,Debit,Doctor
422.9,40.0,111.0,1.0,7616.43,2,ATM,Debit,Engineer
20.62,35.0,225.0,1.0,12500.8,0,ATM,Credit,Doctor
174.39,19.0,36.0,1.0,1127.08,1,ATM,Debit,Student
7.859999999999999,76.0,91.0,1.0,3621.98,3,Branch,Credit,Retired
61.98,49.0,44.0,1.0,5212.28,2,Online,Debit,Engineer
54.85,58.0,40.0,1.0,2727.45,3,Branch,Credit,Retired
204.7,49.0,95.0,5.0,5117.03,0,Branch,Debit,Doctor
16.55,26.0,159.0,1.0,6089.79,2,Branch,Debit,Engineer
91.32,58.0,77.0,1.0,2618.1,2,Branch,Debit,Engineer
195.49,31.0,212.0,1.0,11988.12,0,ATM,Debit,Doctor
49.62,55.0,111.0,1.0,3841.4199999999996,2,ATM,Debit,Engineer
487.16,28.0,84.00000000000001,1.0,321.21,1,Branch,Credit,Student
405.6,37.0,44.0,1.0,9754.73,2,Online,Debit,Engineer
512.95,57.0,143.0,1.0,9584.52,2,Branch,Debit,Engineer
345.94,31.0,163.0,1.0,7624.56,0,ATM,Debit,Doctor
356.56,47.0,52.00000000000001,1.0,2485.73,2,Online,Debit,Engineer
10.31,36.0,280.0,1.0,2137.9,2,Online,Debit,Engineer
211.69,30.0,111.0,1.0,6412.85,0,Branch,Debit,Doctor
221.49,23.0,196.0,1.0,707.25,1,Branch,Credit,Student
278.23,48.0,83.0,1.0,8300.54,2,Online,Debit,Engineer
116.88,45.0,263.0,1.0,7717.339999999999,0,ATM,Debit,Doctor
328.77,39.0,247.0,1.0,6967.03,0,Online,Credit,Doctor
77.53,54.0,55.0,1.0,5158.6,3,Branch,Debit,Retired
421.74,67.0,103.0,1.0,12031.14,0,Online,Debit,Doctor
313.69,73.0,151.99999999999997,1.0,7093.68,3,Branch,Debit,Retired
411.72,29.0,153.0,1.0,8539.86,0,Branch,Debit,Doctor
508.73,59.0,89.0,1.0,7640.57,3,Branch,Debit,Retired
153.08,24.0,201.0,1.0,1292.21,1,ATM,Debit,Student
23.01,63.0,166.0,1.0,5958.75,3,Branch,Debit,Retired
69.28,25.0,129.0,1.0,708.7399999999999,1,Online,Debit,Student
51.25,28.0,66.0,1.0,1744.4,1,Branch,Credit,Student
407.65,25.0,263.0,1.0,273.78,1,ATM,Debit,Student
459.25,25.0,59.00000000000001,1.0,130.76,1,Branch,Debit,Student
301.56,49.0,118.0,1.0,10389.6,0,Branch,Debit,Doctor
17.67,63.0,91.0,1.0,1048.18,0,Online,Debit,Doctor
5.29,32.0,132.0,1.0,12896.68,0,Online,Credit,Doctor
401.37,43.0,251.0,1.0,8208.54,2,Branch,Debit,Engineer
145.4,38.0,24.0,1.0,5244.49,2,Online,Debit,Engineer
556.34,37.0,45.99999999999999,1.0,11935.14,0,Online,Debit,Doctor
34.31,24.0,251.0,1.0,1484.76,1,ATM,Debit,Student
780.59,23.0,145.0,1.0,6513.34,1,Online,Credit,Student
282.65,35.0,161.0,1.0,13801.15,0,ATM,Debit,Doctor
305.27,68.0,147.0,1.0,12958.65,0,Online,Debit,Doctor
185.81,32.0,116.00000000000001,1.0,9588.71,0,Online,Debit,Doctor
66.01,49.0,179.0,1.0,3475.99,2,Online,Debit,Engineer
447.95,29.0,75.0,1.0,7544.399999999999,2,Branch,Debit,Engineer
279.3,19.0,48.0,1.0,1193.61,1,ATM,Debit,Student
26.75,33.0,26.999999999999996,1.0,12063.77,0,Online,Debit,Doctor
611.15,27.0,121.0,1.0,892.8299999999999,1,ATM,Debit,Student
275.2,54.0,81.0,1.0,1230.12,2,Online,Debit,Engineer
427.79,18.0,189.0,1.0,1479.67,1,Branch,Debit,Student
469.13,54.0,139.0,1.0,1265.28,0,ATM,Credit,Doctor
102.81,76.0,47.0,1.0,3228.87,3,Branch,Debit,Retired
22.61,19.0,145.0,1.0,1111.67,1,Online,Debit,Student
68.28,56.0,293.0,1.0,3213.16,2,Online,Debit,Engineer
33.65,63.0,146.0,1.0,12719.93,0,Online,Credit,Doctor
362.68,63.0,137.0,1.0,2040.77,3,ATM,Credit,Retired
73.23,20.0,172.0,1.0,1309.85,1,Branch,Debit,Student
654.49,25.0,104.0,1.0,164.61,1,Online,Credit,Student
18.56,49.0,161.0,1.0,4230.37,2,Branch,Credit,Engineer
389.05,27.0,41.0,1.0,761.0,1,ATM,Debit,Student
7.38,67.0,105.0,1.0,2923.83,3,Online,Debit,Retired
109.48,61.0,93.0,1.0,7372.47,3,Online,Debit,Retired
66.91,39.0,85.0,1.0,871.1,0,ATM,Debit,Doctor
335.48,45.0,155.0,1.0,3023.16,2,Branch,Debit,Engineer
38.14,19.0,174.0,1.0,1119.21,1,Online,Debit,Student
1076.98,60.0,173.0,1.0,11833.73,0,Branch,Debit,Doctor
360.02,68.0,68.00000000000001,1.0,6400.59,3,Online,Debit,Retired
567.71,63.0,80.0,1.0,13884.24,0,Online,Debit,Doctor
218.19,19.0,185.0,1.0,620.83,1,ATM,Debit,Student
209.99,19.0,40.0,1.0,1938.0100000000002,1,ATM,Debit,Student
11.02,19.0,280.0,1.0,964.79,1,Branch,Debit,Student
83.43,56.0,109.0,1.0,1870.16,3,Online,Debit,Retired
344.97,34.0,106.0,1.0,5577.94,0,Online,Debit,Doctor
172.29,36.0,283.0,1.0,8700.8,2,ATM,Debit,Engineer
195.54,60.0,255.0,1.0,2794.66,3,Online,Debit,Retired
101.23,45.0,87.0,1.0,6169.71,2,Online,Debit,Engineer
180.46,25.0,34.0,1.0,831.7499999999999,1,ATM,Debit,Student
692.55,53.0,109.0,1.0,2451.56,3,Branch,Debit,Retired
147.31,34.0,91.99999999999999,1.0,13625.52,0,Online,Credit,Doctor
107.48,20.0,103.0,1.0,1379.39,1,Branch,Debit,Student
1831.02,62.0,83.0,1.0,11498.01,0,Online,Credit,Doctor
81.51,25.0,97.0,1.0,865.4899999999999,1,Branch,Debit,Student
365.48,76.0,215.99999999999997,1.0,7147.4,3,Online,Credit,Retired
491.1,35.0,125.0,1.0,7833.85,2,Online,Credit,Engineer
452.8,80.0,151.0,1.0,4840.67,3,Branch,Debit,Retired
645.04,70.0,78.0,1.0,7361.47,3,Branch,Debit,Retired
169.28,45.0,114.0,1.0,5128.44,0,Branch,Debit,Doctor
88.42,62.0,91.0,1.0,12381.45,0,ATM,Debit,Doctor
155.53,29.0,66.0,1.0,4008.05,2,ATM,Debit,Engineer
991.8200000000002,43.0,300.0,1.0,3493.13,2,Online,Debit,Engineer
39.24,77.0,106.0,1.0,6462.41,3,ATM,Debit,Retired
152.01,42.0,111.0,3.0,4625.12,2,ATM,Debit,Engineer
78.77,48.0,50.00000000000001,1.0,6470.57,2,ATM,Credit,Engineer
26.5,48.0,179.0,1.0,4854.83,2,Online,Debit,Engineer
83.62,48.0,146.0,1.0,12652.22,0,ATM,Debit,Doctor
142.78,68.0,150.0,1.0,11705.88,0,Branch,Debit,Doctor
55.99,35.0,95.0,1.0,932.61,0,ATM,Debit,Doctor
774.48,61.0,30.999999999999996,1.0,11613.58,0,Branch,Debit,Doctor
105.37,25.0,160.0,1.0,1068.55,1,ATM,Debit,Student
118.83,28.0,295.0,1.0,1616.3,1,Online,Debit,Student
46.22,23.0,217.0,1.0,471.2799999999999,1,Branch,Debit,Student
659.71,21.0,148.0,1.0,106.86,1,Branch,Credit,Student
377.97,72.0,160.0,1.0,2457.1,3,Online,Debit,Retired
114.1,69.0,148.0,1.0,5882.12,3,Branch,Debit,Retired
11.3,55.0,41.0,1.0,1938.99,3,Online,Credit,Retired
95.5,57.0,17.0,1.0,4079.09,3,Online,Debit,Retired
130.93,28.0,149.0,1.0,860.1199999999999,2,Branch,Credit,Engineer
272.97,68.0,174.0,1.0,7811.310000000001,3,Online,Debit,Retired
73.35,24.0,47.0,1.0,1181.84,1,Branch,Debit,Student
29.94,58.0,243.0,1.0,10915.54,0,ATM,Debit,Doctor
307.24,19.0,136.0,2.0,1670.72,1,ATM,Debit,Student
50.52,20.0,140.0,1.0,1121.19,1,Online,Debit,Student
820.46,53.0,243.0,1.0,5621.86,2,Online,Credit,Engineer
153.07,56.0,116.00000000000001,1.0,8873.43,2,ATM,Debit,Engineer
52.94,41.0,146.0,1.0,6990.92,0,Branch,Debit,Doctor
384.41,60.0,65.0,1.0,7831.56,2,ATM,Debit,Engineer
235.42,51.0,175.0,1.0,6173.23,3,Branch,Debit,Retired
114.23,56.0,64.0,1.0,9523.72,0,ATM,Debit,Doctor
12.62,33.0,61.00000000000001,1.0,6420.47,0,Branch,Debit,Doctor
997.37,23.0,145.0,1.0,1146.09,1,ATM,Debit,Student
373.52,35.0,235.0,1.0,6430.41,2,ATM,Debit,Engineer
336.05,28.0,164.0,1.0,1635.05,1,Branch,Debit,Student
366.93,66.0,33.0,1.0,6697.79,3,Online,Debit,Retired
112.27,58.0,102.0,1.0,7369.89,0,Branch,Debit,Doctor
494.9599999999999,40.0,132.0,1.0,6903.68,2,ATM,Debit,Engineer
561.58,65.0,22.999999999999996,1.0,11748.86,0,Online,Debit,Doctor
440.94,42.0,148.0,1.0,7303.23,0,Online,Debit,Doctor
71.9,29.0,51.00000000000001,1.0,10619.35,0,Branch,Debit,Doctor
256.66,54.0,137.0,1.0,1794.5,3,Online,Credit,Retired
166.55,59.0,99.0,1.0,12970.21,0,Branch,Credit,Doctor
276.26,56.0,143.0,1.0,120.88999999999999,0,Branch,Debit,Doctor
35.46,67.0,164.0,1.0,5692.31,0,ATM,Debit,Doctor
38.14,50.0,165.0,1.0,9879.87,2,Branch,Debit,Engineer
506.25999999999993,64.0,86.0,1.0,6266.65,3,ATM,Credit,Retired
736.32,31.0,28.0,1.0,14268.95,0,Online,Debit,Doctor
389.43,52.0,151.0,1.0,6449.83,2,ATM,Credit,Engineer
25.58,60.0,166.0,1.0,6741.41,2,ATM,Debit,Engineer
446.1,25.0,243.0,1.0,1008.44,1,ATM,Debit,Student
147.74,23.0,15.0,1.0,1711.78,1,Branch,Debit,Student
1228.81,26.0,254.0,1.0,1821.0,1,ATM,Debit,Student
46.23,77.0,282.0,1.0,5107.75,3,Online,Debit,Retired
265.37,33.0,77.0,1.0,5229.95,2,Branch,Debit,Engineer
342.57,20.0,91.0,1.0,339.16,1,Online,Debit,Student
417.26,32.0,45.0,1.0,10442.48,0,Online,Credit,Doctor
33.63,63.0,75.99999999999999,1.0,4324.4,3,Online,Debit,Retired
64.58,55.0,173.0,1.0,6292.29,3,Branch,Debit,Retired
23.23,21.0,122.0,1.0,269.01,1,Branch,Credit,Student
160.52,78.0,112.0,1.0,5379.25,3,ATM,Credit,Retired
278.88,64.0,179.0,2.0,1334.09,0,Branch,Debit,Doctor
285.49,53.0,109.0,1.0,6366.84,0,Branch,Credit,Doctor
71.87,22.0,258.0,1.0,1839.1,1,ATM,Debit,Student
308.8,53.0,41.0,1.0,3966.5399999999995,3,ATM,Debit,Retired
135.35,33.0,82.0,1.0,9983.36,2,Branch,Debit,Engineer
288.43,66.0,72.0,1.0,4577.09,3,Branch,Debit,Retired
147.46,65.0,205.0,1.0,7458.029999999999,0,Online,Credit,Doctor
214.15,32.0,217.0,1.0,6397.29,2,Branch,Debit,Engineer
71.34,49.0,144.0,3.0,6345.03,2,Online,Debit,Engineer
170.36,30.0,118.0,1.0,6034.73,0,ATM,Debit,Doctor
965.66,53.0,32.0,1.0,765.8099999999998,2,ATM,Debit,Engineer
736.53,55.0,120.0,1.0,9826.26,2,ATM,Debit,Engineer
213.42,45.0,17.0,1.0,3736.3800000000006,2,ATM,Debit,Engineer
94.09,27.0,203.0,1.0,646.8499999999999,1,Branch,Debit,Student
91.23,72.0,86.0,1.0,6385.12,3,ATM,Debit,Retired
263.92,57.0,233.0,1.0,4161.71,3,Branch,Credit,Retired
77.5,51.0,201.0,1.0,11079.77,0,Online,Credit,Doctor
3.65,69.0,146.0,1.0,10017.11,0,Online,Debit,Doctor
43.88,26.0,251.0,1.0,1644.09,1,Online,Credit,Student
591.98,28.0,132.0,1.0,387.65,1,ATM,Debit,Student
224.79,18.0,129.0,1.0,528.38,1,Online,Debit,Student
64.3,55.0,67.0,1.0,7530.299999999999,3,ATM,Debit,Retired
111.79,62.0,49.0,1.0,10887.59,0,Online,Debit,Doctor
927.16,59.0,153.0,1.0,7104.61,3,ATM,Debit,Retired
613.7,61.0,37.0,1.0,7307.11,3,Branch,Credit,Retired
26.07,20.0,18.999999999999996,3.0,349.98,1,Branch,Debit,Student
170.45,60.0,199.0,1.0,2284.41,2,Branch,Debit,Engineer
344.27,22.0,123.0,1.0,1918.3600000000001,1,Branch,Debit,Student
872.72,22.0,288.0,1.0,503.01,1,Online,Debit,Student
292.95,37.0,56.0,1.0,1216.91,2,Branch,Debit,Engineer
28.44,18.0,243.0,1.0,1071.04,1,ATM,Debit,Student
209.02,21.0,74.0,1.0,187.9,1,ATM,Debit,Student
20.05,72.0,171.0,1.0,7145.67,3,ATM,Debit,Retired
175.02,28.0,71.0,1.0,1493.88,1,Online,Debit,Student
89.5,41.0,134.0,1.0,8658.95,2,Branch,Credit,Engineer
69.96,28.0,30.999999999999996,1.0,164.12,1,Branch,Debit,Student
146.51,53.0,68.00000000000001,1.0,7089.9,2,ATM,Debit,Engineer
376.78,21.0,88.0,1.0,841.6499999999999,1,Online,Credit,Student
148.54,71.0,107.0,1.0,5677.05,3,Branch,Credit,Retired
388.77,26.0,30.0,1.0,1658.49,1,Online,Credit,Student
100.38,63.0,49.0,1.0,10171.68,0,Branch,Debit,Doctor
137.23,64.0,63.0,1.0,13847.99,0,Branch,Debit,Doctor
870.3,51.0,229.0,1.0,3688.98,3,ATM,Debit,Retired
458.94,52.0,180.0,1.0,5619.95,2,Branch,Debit,Engineer
327.35,20.0,175.0,1.0,342.08,1,Branch,Credit,Student
757.15,53.0,37.99999999999999,1.0,4702.86,2,Online,Debit,Engineer
5.64,59.0,47.0,1.0,12703.24,0,Online,Debit,Doctor
47.23,73.0,160.0,1.0,6659.81,3,Online,Credit,Retired
239.41,42.0,247.99999999999997,1.0,7860.65,0,Online,Credit,Doctor
7.48,55.0,29.000000000000004,1.0,1275.2,2,ATM,Debit,Engineer
170.97,26.0,292.0,1.0,1265.27,1,Branch,Debit,Student
262.43,37.0,274.0,5.0,12841.01,0,Online,Credit,Doctor
659.15,22.0,204.0,1.0,1241.59,1,ATM,Debit,Student
31.53,25.0,283.0,1.0,874.93,1,Online,Debit,Student
111.66,48.0,140.0,1.0,5716.72,2,Online,Credit,Engineer
250.01,62.0,88.0,1.0,1541.48,3,ATM,Debit,Retired
554.15,49.0,107.99999999999999,1.0,14817.22,0,ATM,Debit,Doctor
598.66,32.0,222.0,1.0,2587.11,2,Branch,Credit,Engineer
28.38,55.0,98.0,1.0,173.7,0,Branch,Debit,Doctor
16.8,49.0,94.0,1.0,11847.07,0,ATM,Debit,Doctor
896.79,33.0,168.00000000000003,1.0,11146.74,0,Online,Debit,Doctor
159.0,49.0,37.99999999999999,1.0,369.79,2,ATM,Debit,Engineer
56.31,75.0,195.0,1.0,6396.08,3,Online,Credit,Retired
203.99,52.0,215.0,1.0,4840.31,3,Online,Debit,Retired
50.99,29.0,75.99999999999999,1.0,1334.6,0,Branch,Debit,Doctor
101.28,32.0,75.0,1.0,2774.35,2,Online,Credit,Engineer
299.92,27.0,122.0,1.0,1368.0,1,ATM,Debit,Student
77.54,67.0,73.0,1.0,4536.38,3,Online,Debit,Retired
18.35,21.0,78.0,1.0,1293.39,1,Branch,Debit,Student
732.53,26.0,116.00000000000001,1.0,441.54,1,ATM,Credit,Student
65.11,34.0,150.0,1.0,8485.14,2,ATM,Debit,Engineer
67.07,24.0,56.0,1.0,999.6200000000001,1,ATM,Credit,Student
137.48,55.0,47.0,1.0,14273.42,0,Branch,Debit,Doctor
398.36,22.0,56.0,1.0,1863.7,1,ATM,Debit,Student
469.46,20.0,149.0,1.0,8640.56,1,ATM,Debit,Student
37.58,57.0,182.0,1.0,259.44,0,ATM,Debit,Doctor
160.24,31.0,15.0,1.0,5526.97,2,ATM,Debit,Engineer
315.39,23.0,93.0,1.0,929.6,1,Branch,Credit,Student
434.17,21.0,148.0,5.0,5335.44,1,ATM,Debit,Student
165.91,26.0,84.00000000000001,1.0,587.1199999999999,1,ATM,Debit,Student
211.36,47.0,194.0,1.0,4760.34,2,Branch,Debit,Engineer
241.45000000000002,26.0,158.0,1.0,1594.04,1,Online,Debit,Student
23.24,68.0,129.0,1.0,13777.79,0,Branch,Debit,Doctor
70.88,74.0,176.0,1.0,1794.65,3,Branch,Credit,Retired
1143.67,66.0,111.0,1.0,7677.760000000001,3,Online,Debit,Retired
314.52,80.0,229.0,1.0,7071.32,3,ATM,Debit,Retired
181.81,78.0,122.0,1.0,7525.7300000000005,3,Online,Credit,Retired
854.64,56.0,118.0,1.0,2989.25,3,Branch,Debit,Retired
261.19,64.0,52.00000000000001,1.0,7620.6,3,ATM,Debit,Retired
220.68,71.0,217.0,1.0,5549.2,3,Online,Credit,Retired
11.86,31.0,129.0,1.0,6782.61,2,Branch,Debit,Engineer
122.65000000000002,28.0,41.0,1.0,1968.51,1,Online,Debit,Student
395.16,56.0,17.0,1.0,5340.73,3,Online,Debit,Retired
704.69,51.0,150.0,1.0,3267.84,3,Online,Debit,Retired
369.89,69.0,69.00000000000001,1.0,6941.47,3,ATM,Debit,Retired
10.92,67.0,268.0,1.0,7567.2,3,ATM,Debit,Retired
199.14,31.0,36.0,1.0,7001.25,2,Branch,Debit,Engineer
109.43,70.0,140.0,1.0,1983.65,3,ATM,Debit,Retired
304.15,20.0,40.0,1.0,686.9099999999999,1,Branch,Debit,Student
620.54,28.0,98.0,1.0,213.36,1,Branch,Credit,Student
757.79,22.0,117.0,1.0,1443.02,1,Online,Debit,Student
122.81,52.0,12.0,1.0,8450.84,0,Branch,Debit,Doctor
96.25,61.0,171.0,1.0,7996.699999999999,3,Online,Debit,Retired
1431.33,30.0,49.0,1.0,5567.98,0,ATM,Debit,Doctor
142.55,67.0,97.0,1.0,1262.68,0,Online,Debit,Doctor
35.94,23.0,141.0,1.0,1697.28,1,Branch,Credit,Student
24.86,58.0,292.0,1.0,2591.65,2,Branch,Debit,Engineer
103.08,60.0,109.0,1.0,12002.16,0,Online,Debit,Doctor
116.27,57.0,94.0,1.0,8726.92,2,Online,Debit,Engineer
363.84,73.0,118.0,3.0,5415.64,3,Online,Debit,Retired
34.74,59.0,72.0,1.0,3736.57,3,Online,Credit,Retired
64.01,19.0,240.0,1.0,1225.69,1,Branch,Credit,Student
108.75,50.0,22.999999999999996,4.0,14829.85,0,ATM,Debit,Doctor
50.9,28.0,150.0,1.0,1277.7,1,Online,Credit,Student
206.84,20.0,154.0,1.0,454.66,1,Branch,Debit,Student
37.4,20.0,84.00000000000001,1.0,1519.51,1,ATM,Debit,Student
154.21,46.0,75.0,1.0,8045.77,2,Online,Debit,Engineer
199.37,24.0,79.0,1.0,1331.3,1,Online,Debit,Student
410.49,25.0,134.0,1.0,1843.57,1,Branch,Credit,Student
1360.01,67.0,218.0,1.0,6601.5,3,Branch,Credit,Retired
18.23,56.0,28.0,1.0,8422.2,2,ATM,Debit,Engineer
398.7,47.0,276.0,1.0,7987.740000000001,0,ATM,Debit,Doctor
122.14,22.0,155.0,1.0,327.68,1,Online,Debit,Student
378.2,40.0,167.0,1.0,7372.81,2,Branch,Debit,Engineer
124.74,49.0,33.0,1.0,2987.97,2,ATM,Debit,Engineer
17.1,53.0,101.0,1.0,1619.54,3,ATM,Debit,Retired
287.05,22.0,212.0,1.0,1204.65,1,ATM,Debit,Student
874.72,28.0,173.0,1.0,4630.58,2,Online,Debit,Engineer
1762.28,24.0,150.0,1.0,1380.34,1,ATM,Debit,Student
40.12,36.0,269.0,1.0,14304.38,0,ATM,Credit,Doctor
125.00000000000001,49.0,177.0,1.0,3215.76,2,Online,Credit,Engineer
348.44,24.0,147.0,1.0,1022.94,1,Online,Debit,Student
128.4,69.0,30.999999999999996,1.0,2610.64,3,ATM,Debit,Retired
320.93,55.0,178.0,1.0,9451.66,2,Online,Debit,Engineer
1.41,53.0,278.0,1.0,1244.17,3,ATM,Debit,Retired
50.52,54.0,293.0,1.0,12815.24,0,Branch,Debit,Doctor
383.95,31.0,143.0,1.0,9933.56,2,Online,Credit,Engineer
12.94,23.0,158.0,1.0,921.23,1,Branch,Debit,Student
329.75,56.0,211.0,1.0,6009.43,3,Online,Debit,Retired
981.76,45.0,234.0,1.0,602.3599999999999,0,Online,Debit,Doctor
40.79,18.0,80.0,1.0,1769.33,1,ATM,Debit,Student
99.25,63.0,93.0,1.0,2570.34,3,Online,Credit,Retired
150.6,69.0,59.00000000000001,1.0,3240.14,3,ATM,Debit,Retired
29.5,73.0,129.0,1.0,1229.32,3,Online,Debit,Retired
54.34,65.0,45.99999999999999,1.0,8019.890000000001,0,ATM,Debit,Doctor
18.25,53.0,18.0,1.0,14328.29,0,ATM,Debit,Doctor
633.87,27.0,175.0,1.0,330.16,1,Online,Debit,Student
81.15,19.0,114.0,1.0,1595.26,1,ATM,Debit,Student
83.95,75.0,170.0,1.0,7413.18,3,Online,Debit,Retired
410.4,61.0,78.0,1.0,2563.91,3,ATM,Credit,Retired
172.68,33.0,17.0,1.0,10724.95,0,ATM,Debit,Doctor
139.88,34.0,162.0,1.0,2969.71,2,ATM,Debit,Engineer
165.55,28.0,115.0,1.0,761.7799999999999,1,Branch,Debit,Student
53.79,54.0,137.0,3.0,6229.36,2,ATM,Credit,Engineer
285.69,63.0,35.0,1.0,2552.54,3,ATM,Debit,Retired
532.4,22.0,149.0,1.0,1033.73,1,ATM,Debit,Student
293.85,25.0,144.0,1.0,1919.97,1,Online,Debit,Student
27.94,79.0,120.0,1.0,1893.4399999999998,3,Branch,Debit,Retired
270.36,25.0,37.0,1.0,1783.04,1,ATM,Debit,Student
112.66,29.0,176.0,3.0,852.98,2,Online,Debit,Engineer
506.03000000000003,21.0,21.000000000000004,1.0,1123.89,1,Branch,Debit,Student
206.95,22.0,30.999999999999996,1.0,1817.65,1,Branch,Debit,Student
350.96,63.0,167.0,1.0,5463.94,3,ATM,Debit,Retired
261.63,20.0,150.0,1.0,477.03,1,Branch,Debit,Student
46.12,59.0,30.0,1.0,8874.01,0,Branch,Debit,Doctor
27.25,63.0,91.99999999999999,1.0,5365.2,3,Branch,Credit,Retired
1353.93,26.0,171.0,1.0,7858.41,2,Branch,Debit,Engineer
331.66,76.0,145.0,1.0,7216.3,3,ATM,Debit,Retired
667.95,62.0,253.0,1.0,13558.56,0,ATM,Credit,Doctor
49.84,49.0,146.0,1.0,7872.04,0,ATM,Debit,Doctor
556.04,72.0,26.999999999999996,1.0,5200.04,3,ATM,Debit,Retired
88.06,18.0,288.0,1.0,1779.85,1,Online,Credit,Student
745.95,58.0,127.0,1.0,13264.14,0,ATM,Debit,Doctor
67.25,19.0,157.0,1.0,467.4,1,Online,Debit,Student
93.63,29.0,141.0,1.0,9873.62,2,ATM,Debit,Engineer
74.11,22.0,49.0,1.0,1257.9,1,Branch,Debit,Student
41.13,77.0,58.00000000000001,1.0,6067.54,3,Branch,Credit,Retired
192.02,79.0,154.0,1.0,5169.07,3,Online,Credit,Retired
291.27,77.0,121.0,1.0,6878.86,3,Branch,Debit,Retired
296.46,23.0,136.0,1.0,558.99,1,Branch,Debit,Student
341.84,27.0,89.0,1.0,1400.04,1,Branch,Credit,Student
98.41,27.0,48.0,1.0,912.7099999999999,1,Online,Debit,Student
109.28,36.0,112.0,4.0,6338.35,2,Online,Debit,Engineer
27.51,40.0,103.0,1.0,13645.63,0,Online,Credit,Doctor
12.18,76.0,77.0,1.0,4909.24,3,Branch,Debit,Retired
207.71,25.0,63.0,1.0,570.0999999999999,1,Online,Credit,Student
25.77,45.0,277.0,1.0,11749.77,0,Online,Credit,Doctor
127.56999999999998,52.0,75.0,1.0,6118.2,3,ATM,Debit,Retired
392.05,60.0,172.0,1.0,4383.69,2,ATM,Debit,Engineer
521.01,41.0,73.0,1.0,4004.55,2,Branch,Credit,Engineer
849.76,25.0,269.0,1.0,373.88,1,ATM,Debit,Student
172.5,68.0,30.999999999999996,1.0,6851.16,0,Online,Debit,Doctor
265.44,30.0,169.0,1.0,9700.77,2,ATM,Debit,Engineer
152.34,55.0,115.0,1.0,6853.51,0,Branch,Debit,Doctor
21.13,28.0,153.0,1.0,948.7,1,Branch,Debit,Student
111.55,46.0,101.0,1.0,12221.17,0,ATM,Debit,Doctor
321.82,32.0,43.0,1.0,6500.5,2,Branch,Credit,Engineer
1294.81,45.0,279.0,1.0,9927.75,2,Branch,Credit,Engineer
148.77,67.0,175.0,1.0,2138.42,3,Branch,Debit,Retired
14.08,57.0,154.0,1.0,3908.6499999999996,3,Branch,Debit,Retired
1283.97,42.0,121.0,1.0,11041.9,0,ATM,Debit,Doctor
566.33,24.0,66.0,1.0,379.82,1,ATM,Credit,Student
206.51,51.0,275.0,1.0,3921.74,3,ATM,Debit,Retired
180.94,75.0,57.0,1.0,7659.990000000001,3,Branch,Debit,Retired
77.9,21.0,128.0,1.0,664.7199999999999,1,Branch,Debit,Student
318.92,21.0,60.00000000000001,1.0,1167.25,1,Branch,Credit,Student
583.3,59.0,142.0,1.0,5896.01,2,Online,Credit,Engineer
100.68,63.0,139.0,1.0,1123.75,3,Online,Debit,Retired
589.64,62.0,210.0,1.0,2039.4,3,Online,Debit,Retired
225.93,25.0,199.0,1.0,1864.27,1,Branch,Credit,Student
651.55,72.0,82.0,1.0,2325.78,3,Online,Debit,Retired
80.97,38.0,157.0,1.0,5926.31,0,Online,Debit,Doctor
191.89,25.0,14.0,1.0,399.57,1,Branch,Debit,Student
304.75,78.0,125.0,1.0,1916.34,3,Branch,Credit,Retired
201.53,68.0,287.0,1.0,2732.86,3,Online,Debit,Retired
8.45,22.0,141.0,1.0,1115.3,1,ATM,Debit,Student
435.98,30.0,105.0,1.0,7334.08,2,Branch,Debit,Engineer
743.24,19.0,109.0,1.0,1024.19,1,Online,Credit,Student
16.27,57.0,44.0,1.0,10971.32,0,ATM,Debit,Doctor
290.86,45.0,36.0,1.0,14631.88,0,Online,Debit,Doctor
85.73,41.0,266.0,1.0,14928.35,0,ATM,Debit,Doctor
555.71,22.0,73.0,1.0,830.3699999999999,1,Branch,Credit,Student
40.03,23.0,200.00000000000003,1.0,6408.8,1,Branch,Debit,Student
73.01,25.0,61.99999999999999,1.0,1997.3299999999997,1,Online,Credit,Student
346.12,44.0,12.0,1.0,13084.27,0,Branch,Debit,Doctor
1.9299999999999997,47.0,175.0,5.0,5684.09,0,Branch,Debit,Doctor
252.92999999999998,75.0,222.0,1.0,2760.37,3,ATM,Debit,Retired
238.54,19.0,12.0,4.0,868.9099999999999,1,ATM,Debit,Student
1011.22,61.0,129.0,1.0,5838.91,3,Branch,Debit,Retired
58.7,67.0,141.0,1.0,8937.35,0,Branch,Debit,Doctor
7.5600000000000005,40.0,145.0,1.0,8528.72,0,ATM,Debit,Doctor
540.4,45.0,272.0,1.0,425.77,0,Branch,Debit,Doctor
264.14,64.0,125.0,1.0,8459.26,0,ATM,Debit,Doctor
248.15000000000003,75.0,202.0,1.0,2649.23,3,ATM,Debit,Retired
24.34,54.0,110.0,1.0,6659.12,2,Branch,Debit,Engineer
428.61,66.0,61.99999999999999,1.0,11937.04,0,ATM,Debit,Doctor
117.66,39.0,126.0,1.0,6794.17,0,Branch,Credit,Doctor
165.8,60.0,287.0,1.0,2064.76,2,Online,Debit,Engineer
289.18,65.0,64.0,1.0,3139.75,3,ATM,Debit,Retired
125.38999999999999,21.0,140.0,1.0,202.69,1,ATM,Debit,Student
305.18,58.0,215.99999999999997,1.0,4474.2,3,Online,Debit,Retired
506.90000000000003,64.0,56.0,1.0,11471.87,0,Branch,Credit,Doctor
504.11999999999995,25.0,101.0,1.0,1107.28,1,Branch,Credit,Student
42.09,29.0,118.0,1.0,5526.28,2,Branch,Debit,Engineer
607.28,32.0,84.00000000000001,1.0,9679.68,0,ATM,Debit,Doctor
91.9,77.0,125.0,1.0,1033.94,3,Online,Debit,Retired
303.43,22.0,30.0,1.0,1833.24,1,Branch,Debit,Student
668.78,20.0,141.0,1.0,983.6799999999998,1,ATM,Debit,Student
270.54,20.0,139.0,1.0,269.78,1,ATM,Credit,Student
247.93,37.0,79.0,1.0,9801.48,2,Branch,Debit,Engineer
34.67,19.0,71.0,1.0,888.6,1,Online,Debit,Student
326.03,18.0,137.0,1.0,290.24,1,Online,Credit,Student
148.26,25.0,57.0,1.0,958.7,1,ATM,Debit,Student
1086.6,19.0,37.99999999999999,1.0,1605.67,1,Online,Debit,Student
373.99,60.0,140.0,1.0,8590.5,0,ATM,Debit,Doctor
254.33999999999997,49.0,79.0,1.0,5461.08,2,Online,Debit,Engineer
819.48,25.0,26.0,1.0,1804.5,1,ATM,Debit,Student
14.0,49.0,173.0,1.0,7975.179999999999,2,ATM,Debit,Engineer
57.16,40.0,74.0,1.0,222.22,2,ATM,Debit,Engineer
282.26,37.0,278.0,1.0,6857.2,2,Online,Debit,Engineer
46.96,46.0,12.0,1.0,2028.92,2,Online,Debit,Engineer
473.2,34.0,173.0,1.0,248.52,0,Online,Debit,Doctor
192.97,59.0,140.0,1.0,3019.04,3,ATM,Debit,Retired
168.99,18.0,203.0,1.0,1523.57,1,ATM,Debit,Student
1.8200000000000003,80.0,60.00000000000001,1.0,5571.39,3,Online,Debit,Retired
40.9,55.0,37.0,1.0,1514.34,0,ATM,Debit,Doctor
78.91,61.0,157.0,1.0,1817.43,0,Online,Debit,Doctor
169.97,22.0,12.0,1.0,6269.12,1,ATM,Credit,Student
17.79,61.0,162.0,5.0,2281.9,3,Branch,Debit,Retired
486.61,48.0,130.0,1.0,2006.69,2,ATM,Credit,Engineer
148.13,58.0,56.0,1.0,2189.38,3,Branch,Debit,Retired
164.52,61.0,162.0,1.0,11036.74,0,ATM,Debit,Doctor
720.89,27.0,120.0,1.0,447.06,1,ATM,Debit,Student
268.7,53.0,63.0,1.0,2104.74,3,ATM,Debit,Retired
637.34,51.0,278.0,1.0,5183.5,3,ATM,Debit,Retired
216.76,47.0,138.0,1.0,643.6399999999999,2,Online,Credit,Engineer
418.02,46.0,110.0,1.0,11011.86,0,ATM,Debit,Doctor
292.03,46.0,154.0,1.0,951.3300000000002,2,ATM,Credit,Engineer
251.4,57.0,178.0,1.0,2561.67,3,ATM,Debit,Retired
184.56,21.0,93.0,1.0,1549.27,1,Online,Debit,Student
33.76,26.0,227.0,1.0,3253.51,2,Online,Debit,Engineer
253.46000000000004,45.0,60.00000000000001,1.0,1338.95,2,ATM,Debit,Engineer
1612.37,65.0,173.0,1.0,3910.5900000000006,3,ATM,Debit,Retired
138.68,22.0,44.0,1.0,206.2,1,Branch,Credit,Student
42.56,18.0,146.0,1.0,4361.44,1,Online,Debit,Student
680.76,21.0,165.0,1.0,572.97,1,Branch,Debit,Student
53.83,70.0,131.0,1.0,4580.59,3,Branch,Debit,Retired
11.09,51.0,95.0,1.0,2990.05,2,Branch,Debit,Engineer
37.81,63.0,195.0,1.0,5208.98,3,Branch,Debit,Retired
449.18,67.0,50.00000000000001,1.0,1025.99,3,Online,Debit,Retired
1135.8,30.0,250.0,1.0,13534.3,0,ATM,Debit,Doctor
297.6,39.0,162.0,1.0,1461.17,0,Online,Debit,Doctor
683.75,32.0,106.0,1.0,6333.72,0,Branch,Debit,Doctor
21.4,48.0,129.0,1.0,8551.6,2,Online,Credit,Engineer
315.94,78.0,93.0,1.0,4273.99,3,ATM,Debit,Retired
331.32,61.0,137.0,5.0,13054.54,0,Branch,Debit,Doctor
223.76,74.0,110.0,1.0,4102.23,3,Branch,Credit,Retired
216.03,42.0,300.0,1.0,10462.77,0,ATM,Debit,Doctor
17.42,74.0,150.0,1.0,6851.31,3,ATM,Debit,Retired
491.91,78.0,155.0,1.0,2421.94,3,Online,Debit,Retired
350.11,74.0,178.0,1.0,4639.04,3,Online,Credit,Retired
218.07,23.0,243.0,1.0,443.62,1,Branch,Debit,Student
291.09,48.0,73.0,1.0,6312.79,2,Branch,Debit,Engineer
422.14,26.0,109.0,1.0,1436.32,1,Branch,Credit,Student
613.21,61.0,157.0,1.0,3279.12,3,ATM,Debit,Retired
73.83,69.0,69.00000000000001,1.0,6020.29,0,Online,Debit,Doctor
67.33,59.0,36.0,1.0,5925.98,2,Online,Debit,Engineer
26.92,62.0,43.0,1.0,1674.94,3,ATM,Debit,Retired
18.3,48.0,155.0,1.0,3733.5200000000004,2,Online,Debit,Engineer
317.94,54.0,123.99999999999999,1.0,2996.51,2,ATM,Debit,Engineer
179.38,40.0,173.0,1.0,11666.18,0,Online,Debit,Doctor
918.95,68.0,139.0,1.0,7006.46,0,Online,Debit,Doctor
13.92,37.0,209.0,1.0,2735.84,2,ATM,Debit,Engineer
365.43,25.0,176.0,1.0,1073.51,1,ATM,Debit,Student
263.59,71.0,16.0,1.0,6996.35,3,Branch,Debit,Retired
54.8,34.0,140.0,1.0,4943.49,2,Branch,Debit,Engineer
141.49,24.0,75.0,1.0,1665.58,1,Online,Debit,Student
31.389999999999997,20.0,15.0,1.0,998.4900000000001,1,ATM,Debit,Student
93.82,39.0,176.0,1.0,8422.06,2,Online,Debit,Engineer
5.71,21.0,106.0,1.0,1285.42,1,Branch,Debit,Student
178.39,34.0,98.0,1.0,8469.43,2,Online,Debit,Engineer
126.91,22.0,42.00000000000001,1.0,692.6899999999999,1,ATM,Debit,Student
36.09,53.0,167.0,1.0,12319.26,0,Branch,Debit,Doctor
91.77,51.0,174.0,1.0,9240.73,0,Branch,Debit,Doctor
198.92,36.0,100.00000000000001,1.0,2854.66,2,Online,Debit,Engineer
137.81,58.0,44.0,1.0,2631.47,2,Branch,Debit,Engineer
136.88,24.0,71.0,1.0,7465.950000000001,1,Branch,Credit,Student
133.07,21.0,155.0,1.0,1670.99,1,Branch,Debit,Student
1.14,43.0,137.0,1.0,13913.92,0,Branch,Debit,Doctor
256.34,69.0,99.0,1.0,7471.630000000001,3,Branch,Debit,Retired
56.11,36.0,109.0,1.0,11123.65,0,Branch,Debit,Doctor
118.1,50.0,50.00000000000001,1.0,7976.6,2,ATM,Debit,Engineer
137.86,66.0,120.0,1.0,8046.939999999999,0,Online,Credit,Doctor
813.78,54.0,55.0,1.0,14935.500000000002,0,ATM,Credit,Doctor
237.97,69.0,69.00000000000001,1.0,13486.15,0,ATM,Debit,Doctor
684.96,21.0,30.999999999999996,1.0,526.67,1,ATM,Debit,Student
878.63,60.0,139.0,1.0,4954.37,2,ATM,Debit,Engineer
276.56,68.0,15.0,1.0,8942.58,0,Branch,Debit,Doctor
8.75,79.0,199.0,1.0,4044.6199999999994,3,ATM,Debit,Retired
637.48,65.0,207.0,1.0,4148.85,3,Online,Debit,Retired
103.15,51.0,179.0,1.0,11388.15,0,Branch,Debit,Doctor
505.59999999999997,52.0,183.0,1.0,5347.57,3,Branch,Debit,Retired
371.86,46.0,91.0,1.0,1329.45,0,ATM,Debit,Doctor
14.26,50.0,37.0,1.0,2475.65,2,Branch,Debit,Engineer
13.16,43.0,98.0,1.0,1019.46,2,Branch,Debit,Engineer
167.92,40.0,136.0,2.0,14321.73,0,ATM,Debit,Doctor
73.01,56.0,101.0,1.0,2833.12,3,ATM,Debit,Retired
201.5,61.0,196.0,1.0,12148.32,0,Online,Credit,Doctor
150.3,41.0,204.0,1.0,14371.08,0,Online,Debit,Doctor
23.7,46.0,32.0,1.0,7947.439999999999,0,ATM,Debit,Doctor
49.59,48.0,147.0,1.0,6037.03,2,Branch,Debit,Engineer
720.13,22.0,96.0,1.0,387.02,1,ATM,Credit,Student
134.92,19.0,101.0,1.0,1081.97,1,Online,Debit,Student
116.97,18.0,299.0,1.0,729.7,1,ATM,Debit,Student
11.06,34.0,13.0,3.0,2782.21,2,ATM,Debit,Engineer
88.29,50.0,287.0,1.0,5245.93,2,Online,Credit,Engineer
5.81,25.0,222.0,1.0,1290.95,1,ATM,Debit,Student
103.48,32.0,33.0,1.0,6494.25,2,ATM,Debit,Engineer
156.74,70.0,136.0,1.0,4004.35,3,ATM,Debit,Retired
505.14,68.0,179.0,1.0,2525.47,3,ATM,Debit,Retired
31.060000000000002,46.0,61.00000000000001,1.0,11014.25,0,ATM,Debit,Doctor
7.610000000000001,50.0,163.0,1.0,6275.0,0,ATM,Debit,Doctor
276.16,53.0,71.0,1.0,1733.34,3,ATM,Credit,Retired
145.77,68.0,237.0,1.0,5294.98,3,ATM,Debit,Retired
369.44,34.0,18.999999999999996,1.0,5018.67,2,Online,Debit,Engineer
558.86,60.0,95.0,1.0,9844.32,0,ATM,Debit,Doctor
429.15,26.0,218.0,1.0,712.1299999999999,1,Branch,Debit,Student
36.74,33.0,133.0,1.0,6217.58,0,Branch,Debit,Doctor
79.14,57.0,22.0,1.0,2229.56,3,Online,Credit,Retired
132.48,36.0,101.0,1.0,9313.05,2,Branch,Debit,Engineer
136.48,52.0,138.0,4.0,4618.53,2,Online,Debit,Engineer
203.76,55.0,37.0,1.0,6747.16,3,Branch,Debit,Retired
750.95,78.0,26.999999999999996,1.0,5134.37,3,Branch,Debit,Retired
0.84,52.0,30.999999999999996,1.0,2207.54,2,ATM,Debit,Engineer
257.18,67.0,28.0,1.0,13336.15,0,Online,Debit,Doctor
767.66,63.0,155.0,1.0,1801.69,0,ATM,Debit,Doctor
182.29,54.0,123.0,1.0,522.39,0,Online,Debit,Doctor
184.51,54.0,118.0,1.0,9381.64,0,Online,Credit,Doctor
451.31,62.0,166.0,5.0,2963.29,3,ATM,Debit,Retired
144.1,57.0,30.0,1.0,11523.64,0,Branch,Debit,Doctor
72.5,40.0,30.0,1.0,12723.62,0,ATM,Debit,Doctor
74.11,69.0,71.0,4.0,3920.11,3,Online,Credit,Retired
22.15,44.0,73.0,1.0,7451.83,0,Branch,Debit,Doctor
777.92,62.0,97.0,1.0,7061.58,0,Branch,Debit,Doctor
790.07,28.0,197.0,1.0,985.7700000000001,1,Online,Debit,Student
406.33,59.0,103.0,1.0,4298.34,2,Branch,Credit,Engineer
767.41,56.0,26.999999999999996,1.0,12799.34,0,ATM,Debit,Doctor
4.58,21.0,135.0,1.0,811.2399999999999,1,Online,Credit,Student
447.83,53.0,88.0,1.0,13273.08,0,Branch,Credit,Doctor
49.67,21.0,146.0,1.0,842.94,1,Online,Debit,Student
77.83,49.0,146.0,1.0,2471.53,2,Branch,Credit,Engineer
702.87,19.0,183.99999999999997,1.0,1237.5,1,ATM,Debit,Student
133.56,25.0,177.0,1.0,783.8299999999999,1,Online,Debit,Student
868.05,49.0,119.0,1.0,3931.03,2,Online,Credit,Engineer
52.87,24.0,70.0,1.0,960.96,1,Branch,Debit,Student
179.0,78.0,121.0,1.0,7310.88,3,ATM,Debit,Retired
1168.26,73.0,37.0,1.0,1385.74,3,Online,Credit,Retired
384.11,58.0,12.0,1.0,7902.5199999999995,3,ATM,Debit,Retired
227.61,71.0,61.00000000000001,1.0,4405.28,3,Online,Debit,Retired
40.83,48.0,24.0,1.0,3944.12,2,ATM,Debit,Engineer
19.76,20.0,240.0,1.0,1523.04,1,ATM,Debit,Student
484.24,67.0,77.0,1.0,8042.299999999999,0,Branch,Debit,Doctor
494.66,33.0,110.0,1.0,5531.93,0,Online,Debit,Doctor
301.47,21.0,291.0,1.0,560.73,1,Branch,Debit,Student
199.09,70.0,89.0,1.0,1658.52,0,Online,Debit,Doctor
38.95,27.0,50.00000000000001,1.0,731.52,2,Online,Debit,Engineer
515.94,29.0,37.0,1.0,1389.89,2,ATM,Debit,Engineer
41.93,48.0,136.0,1.0,5081.26,2,ATM,Debit,Engineer
137.84,27.0,83.0,1.0,1000.3500000000001,1,ATM,Debit,Student
95.35,21.0,131.0,1.0,1639.9,1,Online,Debit,Student
93.14,67.0,151.0,1.0,5473.82,3,Online,Debit,Retired
1427.71,64.0,159.0,1.0,1729.26,0,Branch,Debit,Doctor
79.33,51.0,109.0,1.0,14798.1,0,Online,Credit,Doctor
76.89,55.0,132.0,1.0,7374.26,0,ATM,Debit,Doctor
233.71,19.0,297.0,1.0,1231.98,1,Online,Debit,Student
14.92,26.0,120.0,1.0,6611.26,2,Branch,Debit,Engineer
242.17,60.0,147.0,1.0,883.7199999999999,0,ATM,Debit,Doctor
122.98,79.0,228.0,1.0,5055.99,3,Online,Debit,Retired
129.35,52.0,130.0,1.0,7166.88,2,ATM,Debit,Engineer
138.33,21.0,69.00000000000001,1.0,232.56,1,Online,Debit,Student
39.31,25.0,178.0,1.0,1236.38,1,Online,Debit,Student
91.85,21.0,148.0,1.0,802.09,1,Online,Debit,Student
277.7,58.0,107.0,1.0,1423.2,2,Branch,Debit,Engineer
114.03,51.0,172.0,1.0,13388.56,0,ATM,Debit,Doctor
302.63,27.0,10.0,1.0,2801.28,2,Branch,Credit,Engineer
31.19,52.0,74.0,1.0,5545.96,2,ATM,Debit,Engineer
112.91,27.0,135.0,1.0,4764.48,2,Online,Credit,Engineer
742.26,27.0,36.0,1.0,7868.189999999999,2,Online,Debit,Engineer
256.8,26.0,80.0,1.0,1128.38,1,ATM,Debit,Student
378.68,60.0,239.0,1.0,7627.04,0,ATM,Debit,Doctor
571.93,52.0,119.0,1.0,4026.0300000000007,3,Online,Debit,Retired
26.31,77.0,163.0,1.0,7095.76,3,Online,Credit,Retired
205.58,20.0,159.0,1.0,1501.95,1,Online,Debit,Student
533.61,48.0,115.0,1.0,3656.93,2,Online,Debit,Engineer
428.62,55.0,72.0,1.0,3473.24,3,Branch,Debit,Retired
361.22,64.0,167.0,1.0,7061.73,3,ATM,Debit,Retired
837.29,25.0,215.99999999999997,1.0,6012.67,1,Branch,Debit,Student
117.25,31.0,73.0,1.0,13694.68,0,Online,Credit,Doctor
135.27,48.0,131.0,1.0,9410.51,0,ATM,Debit,Doctor
185.1,53.0,22.999999999999996,1.0,6115.63,3,Branch,Debit,Retired
113.54,38.0,273.0,1.0,5581.21,2,Online,Debit,Engineer
354.96,69.0,96.0,1.0,6712.94,0,Online,Debit,Doctor
224.22,53.0,37.0,1.0,8400.87,0,Branch,Debit,Doctor
737.1,60.0,91.99999999999999,1.0,4644.19,3,ATM,Debit,Retired
223.22,27.0,96.0,1.0,1734.22,1,ATM,Debit,Student
557.26,69.0,53.00000000000001,1.0,5237.12,0,ATM,Debit,Doctor
1496.57,33.0,95.0,1.0,969.06,2,Online,Debit,Engineer
27.44,62.0,164.0,1.0,5950.48,3,ATM,Debit,Retired
310.09,36.0,166.0,1.0,9962.5,0,Branch,Debit,Doctor
80.38,52.0,116.00000000000001,1.0,9662.88,0,Online,Debit,Doctor
26.1,66.0,115.0,1.0,5243.0,0,Branch,Credit,Doctor
845.14,73.0,183.0,1.0,1702.65,3,Branch,Credit,Retired
59.73,27.0,56.0,1.0,800.93,1,ATM,Debit,Student
758.77,60.0,114.0,1.0,7231.47,2,ATM,Debit,Engineer
301.51,22.0,284.0,1.0,1052.31,1,ATM,Debit,Student
418.03,58.0,161.0,1.0,10721.29,0,Online,Debit,Doctor
118.06,32.0,30.999999999999996,1.0,13560.63,0,Branch,Credit,Doctor
483.92,70.0,115.0,1.0,3138.0,3,ATM,Debit,Retired
78.93,38.0,145.0,1.0,9916.24,0,ATM,Debit,Doctor
36.63,75.0,261.0,1.0,7941.73,3,ATM,Debit,Retired
87.85,49.0,63.0,1.0,3753.2400000000002,2,Branch,Debit,Engineer
1001.83,31.0,55.0,1.0,9733.83,0,Online,Debit,Doctor
705.34,59.0,123.99999999999999,1.0,5003.22,0,Online,Debit,Doctor
146.55,54.0,123.99999999999999,5.0,4087.4400000000005,3,Online,Debit,Retired
116.89,71.0,226.0,1.0,4880.31,3,Online,Debit,Retired
106.41,57.0,87.0,1.0,1310.38,3,Branch,Debit,Retired
1087.9,78.0,103.0,1.0,2513.51,3,ATM,Debit,Retired
584.41,23.0,41.0,1.0,4475.22,1,ATM,Debit,Student
584.98,55.0,121.0,1.0,6521.05,3,Branch,Credit,Retired
79.21,56.0,140.0,1.0,1615.04,3,Branch,Debit,Retired
173.13,20.0,288.0,1.0,1490.34,1,Online,Credit,Student
335.7,80.0,57.0,1.0,6601.44,3,ATM,Debit,Retired
1225.5,50.0,109.0,1.0,8611.17,0,Online,Credit,Doctor
422.81,28.0,193.0,1.0,1929.2799999999997,1,Branch,Debit,Student
135.43,57.0,91.99999999999999,1.0,5315.83,3,ATM,Debit,Retired
584.88,26.0,121.0,1.0,548.45,1,ATM,Debit,Student
308.94,25.0,167.0,1.0,1931.6599999999999,1,Online,Debit,Student
295.93,36.0,117.0,1.0,1050.63,0,Branch,Debit,Doctor
1512.99,19.0,50.00000000000001,1.0,9963.39,1,Online,Debit,Student
77.44,58.0,268.0,1.0,1950.63,3,Branch,Debit,Retired
92.5,40.0,70.0,1.0,6295.45,2,Online,Credit,Engineer
97.74,41.0,137.0,1.0,4113.63,2,Online,Credit,Engineer
291.68,21.0,90.0,1.0,1451.02,1,ATM,Debit,Student
56.96,22.0,135.0,1.0,1597.85,1,ATM,Debit,Student
436.8,27.0,91.99999999999999,1.0,1256.33,1,Online,Debit,Student
259.49,72.0,292.0,1.0,7320.61,3,Online,Debit,Retired
726.26,57.0,147.0,1.0,2150.38,3,Online,Debit,Retired
568.68,72.0,101.0,1.0,2940.04,3,ATM,Debit,Retired
77.57,49.0,225.0,1.0,12801.93,0,Online,Debit,Doctor
999.28,29.0,40.0,1.0,4272.41,2,Online,Debit,Engineer
14.16,74.0,290.0,1.0,5399.76,3,Branch,Credit,Retired
1142.83,61.0,48.0,1.0,2467.39,3,Branch,Credit,Retired
61.330000000000005,27.0,129.0,1.0,7537.400000000001,2,ATM,Debit,Engineer
27.64,54.0,22.999999999999996,1.0,7498.509999999999,2,Online,Debit,Engineer
3.85,29.0,32.0,1.0,10506.41,0,ATM,Debit,Doctor
431.22,73.0,129.0,1.0,6505.98,3,Branch,Credit,Retired
178.55,55.0,67.0,1.0,7568.400000000001,2,Branch,Debit,Engineer
248.76,18.0,56.0,1.0,546.46,1,ATM,Debit,Student
76.16,23.0,99.0,1.0,1072.25,1,ATM,Debit,Student
347.25,69.0,250.0,1.0,7273.55,0,ATM,Debit,Doctor
28.04,57.0,146.0,5.0,11197.54,0,ATM,Debit,Doctor
325.98,19.0,277.0,1.0,782.35,1,ATM,Debit,Student
249.56000000000003,76.0,246.0,1.0,4444.95,3,Branch,Debit,Retired
17.43,56.0,33.0,1.0,10658.88,0,ATM,Debit,Doctor
198.01,26.0,40.0,1.0,250.93000000000004,1,Branch,Credit,Student
585.58,23.0,55.0,1.0,1729.02,1,Branch,Debit,Student
434.67,27.0,123.99999999999999,1.0,1298.13,1,Online,Credit,Student
510.7,27.0,294.0,1.0,5828.48,1,Online,Credit,Student
331.98,74.0,12.0,1.0,7600.99,3,ATM,Debit,Retired
199.54,56.0,268.0,1.0,9603.73,2,Online,Debit,Engineer
212.97,59.0,178.0,1.0,4180.4,2,Online,Debit,Engineer
270.56,23.0,139.0,1.0,1268.44,1,Online,Debit,Student
306.37,26.0,120.0,1.0,9609.67,2,ATM,Debit,Engineer
643.02,38.0,85.0,1.0,11989.39,0,ATM,Credit,Doctor
98.48,47.0,12.0,1.0,9538.92,2,Branch,Debit,Engineer
889.01,36.0,169.0,1.0,4826.88,2,Online,Debit,Engineer
537.86,27.0,134.0,1.0,293.06,1,Online,Debit,Student
241.18,25.0,162.0,1.0,1445.53,1,ATM,Debit,Student
130.54,64.0,94.0,1.0,11204.62,0,ATM,Debit,Doctor
800.29,20.0,84.00000000000001,1.0,693.4,1,Branch,Credit,Student
8.81,57.0,165.0,1.0,13523.65,0,Online,Debit,Doctor
28.52,20.0,163.0,1.0,662.51,1,ATM,Debit,Student
431.31,23.0,99.0,1.0,342.73,1,Online,Credit,Student
885.33,47.0,59.00000000000001,1.0,7764.159999999999,2,ATM,Credit,Engineer
199.23,29.0,53.99999999999999,1.0,9834.0,2,ATM,Debit,Engineer
42.26,44.0,171.0,1.0,268.77,0,ATM,Debit,Doctor
166.06,30.0,172.0,1.0,5397.68,2,ATM,Debit,Engineer
357.72,53.0,25.000000000000004,1.0,7659.500000000001,3,ATM,Debit,Retired
588.37,28.0,284.0,1.0,1926.0799999999997,1,Online,Debit,Student
72.82,68.0,127.0,1.0,6911.62,0,Online,Debit,Doctor
162.36,36.0,147.0,1.0,7527.040000000001,2,Online,Debit,Engineer
584.82,43.0,109.0,1.0,12071.1,0,Online,Credit,Doctor
38.15,72.0,129.0,1.0,1425.47,3,Online,Credit,Retired
477.54,23.0,52.00000000000001,1.0,1598.63,1,ATM,Credit,Student
639.57,60.0,43.0,1.0,11726.47,0,Branch,Debit,Doctor
58.23,28.0,34.0,1.0,9189.76,1,Online,Debit,Student
776.21,78.0,99.0,1.0,4895.87,3,Online,Credit,Retired
248.76,21.0,117.0,1.0,6178.77,1,Branch,Debit,Student
188.61,67.0,26.0,1.0,7167.57,3,Online,Debit,Retired
675.37,56.0,30.999999999999996,1.0,4704.91,3,Online,Credit,Retired
94.82,67.0,56.0,1.0,1267.72,3,Branch,Credit,Retired
425.18,59.0,135.0,1.0,5790.55,2,Online,Credit,Engineer
50.28,60.0,65.0,1.0,5729.1,2,Branch,Debit,Engineer
864.72,34.0,58.00000000000001,1.0,7379.38,2,Branch,Credit,Engineer
70.68,25.0,105.0,1.0,1478.41,1,Online,Debit,Student
261.77,28.0,45.99999999999999,1.0,824.7099999999999,1,Online,Debit,Student
183.22,27.0,63.0,1.0,1024.42,1,ATM,Debit,Student
58.32,29.0,275.0,4.0,6027.49,2,Branch,Credit,Engineer
156.86,51.0,102.0,1.0,14453.35,0,ATM,Debit,Doctor
120.67,42.0,233.0,1.0,5374.54,0,ATM,Debit,Doctor
308.62,59.0,101.0,1.0,9148.08,2,Branch,Credit,Engineer
506.81,59.0,41.0,1.0,2757.23,2,ATM,Debit,Engineer
328.39,41.0,107.99999999999999,1.0,2523.83,2,ATM,Debit,Engineer
796.3,67.0,64.0,1.0,1498.79,3,Branch,Debit,Retired
72.47,29.0,72.0,1.0,1305.56,0,Online,Debit,Doctor
279.6,25.0,131.0,1.0,1910.9000000000003,1,ATM,Debit,Student
304.2,25.0,102.0,1.0,423.64,1,Online,Debit,Student
351.38,64.0,21.000000000000004,1.0,7606.63,3,Branch,Debit,Retired
86.07,31.0,22.999999999999996,1.0,842.5599999999998,0,Branch,Debit,Doctor
604.5,28.0,80.0,1.0,709.4199999999998,1,ATM,Debit,Student
258.7,27.0,123.0,1.0,1358.37,1,ATM,Debit,Student
994.6299999999999,61.0,158.0,1.0,13538.14,0,Online,Debit,Doctor
11.46,75.0,64.0,1.0,7258.33,3,Branch,Credit,Retired
63.75999999999999,69.0,100.00000000000001,1.0,4980.26,3,ATM,Debit,Retired
446.83,55.0,143.0,1.0,1623.5,3,Branch,Credit,Retired
63.540000000000006,26.0,136.0,1.0,4401.78,2,ATM,Debit,Engineer
81.11,48.0,110.0,1.0,2051.37,2,Online,Debit,Engineer
441.26,58.0,87.0,5.0,13704.92,0,Branch,Credit,Doctor
170.96,64.0,69.00000000000001,1.0,13374.89,0,Branch,Debit,Doctor
48.51,22.0,69.00000000000001,1.0,3363.23,1,Branch,Debit,Student
325.03,60.0,106.0,1.0,13521.76,0,Branch,Debit,Doctor
125.83,57.0,138.0,1.0,6109.86,3,ATM,Debit,Retired
506.83,37.0,45.0,1.0,9975.79,2,Branch,Debit,Engineer
738.94,41.0,173.0,1.0,13856.18,0,Branch,Debit,Doctor
180.36,33.0,55.0,1.0,9905.23,2,Online,Credit,Engineer
225.1,28.0,35.0,1.0,1547.71,1,ATM,Debit,Student
359.51,79.0,157.0,1.0,7153.72,3,Online,Debit,Retired
720.46,54.0,44.0,1.0,3101.54,3,Branch,Debit,Retired
1116.57,56.0,104.0,1.0,1393.14,3,ATM,Debit,Retired
291.46,57.0,135.0,1.0,7142.53,3,ATM,Debit,Retired
1192.95,23.0,73.0,1.0,325.15,1,Branch,Debit,Student
98.24,28.0,148.0,1.0,580.66,1,Online,Debit,Student
100.48,18.0,104.0,1.0,6149.81,1,Branch,Credit,Student
45.9,56.0,264.0,1.0,5698.25,2,Branch,Debit,Engineer
258.21,39.0,225.0,1.0,9562.41,0,Online,Debit,Doctor
1079.11,53.0,211.0,1.0,2038.31,2,Online,Debit,Engineer
287.51,22.0,255.0,1.0,187.65,1,Online,Debit,Student
501.29999999999995,26.0,146.0,1.0,8520.08,2,Online,Credit,Engineer
26.1,27.0,32.0,1.0,1435.72,1,ATM,Debit,Student
436.77,20.0,176.0,1.0,825.69,1,ATM,Debit,Student
292.38,68.0,224.0,1.0,5803.89,0,ATM,Debit,Doctor
1026.46,53.0,165.0,1.0,3134.47,3,Branch,Debit,Retired
25.29,50.0,125.0,1.0,5374.69,2,Online,Debit,Engineer
123.34999999999998,31.0,10.0,1.0,6852.16,0,Online,Credit,Doctor
139.52,23.0,30.999999999999996,1.0,1570.22,1,Branch,Debit,Student
51.2,18.0,83.0,1.0,730.6,1,Online,Debit,Student
122.85,47.0,127.0,3.0,13185.39,0,Online,Credit,Doctor
161.38,24.0,101.0,1.0,3900.3399999999997,1,Online,Credit,Student
2.51,63.0,32.0,1.0,4891.56,3,Online,Debit,Retired
22.62,64.0,102.0,1.0,7682.0,0,ATM,Debit,Doctor
126.83000000000001,57.0,39.0,1.0,6100.98,3,Branch,Debit,Retired
46.6,55.0,68.00000000000001,1.0,1562.9,0,Online,Debit,Doctor
243.8,57.0,48.0,1.0,13732.81,0,Branch,Debit,Doctor
231.51,60.0,96.0,1.0,5790.7,3,Branch,Credit,Retired
175.05,39.0,34.0,1.0,1447.35,2,Online,Debit,Engineer
762.74,64.0,244.0,1.0,207.1,0,ATM,Debit,Doctor
34.03,57.0,37.99999999999999,1.0,3077.2,2,Branch,Debit,Engineer
15.950000000000001,25.0,52.00000000000001,1.0,1983.0,1,Branch,Debit,Student
926.53,57.0,107.0,1.0,3120.1,2,ATM,Debit,Engineer
101.51,46.0,199.0,1.0,3052.47,2,Online,Credit,Engineer
309.42,27.0,42.00000000000001,1.0,8564.46,2,Branch,Debit,Engineer
257.6,59.0,293.0,1.0,7950.74,3,Online,Credit,Retired
746.78,21.0,64.0,1.0,1699.81,1,Branch,Credit,Student
82.01,23.0,156.0,1.0,287.46,1,Branch,Credit,Student
476.99,23.0,187.0,1.0,1154.48,1,Online,Debit,Student
320.11,23.0,130.0,1.0,4076.4799999999996,1,Branch,Debit,Student
333.39,68.0,35.0,1.0,10628.59,0,ATM,Debit,Doctor
10.3,47.0,197.0,1.0,7801.32,2,ATM,Debit,Engineer
737.46,53.0,75.0,4.0,634.16,0,Branch,Credit,Doctor
416.55,33.0,73.0,1.0,922.9599999999999,2,Online,Debit,Engineer
84.91,18.0,68.00000000000001,1.0,1671.86,1,Online,Debit,Student
98.95,75.0,73.0,1.0,5670.82,3,Branch,Debit,Retired
18.14,58.0,48.0,1.0,6020.85,3,ATM,Credit,Retired
1154.79,51.0,107.99999999999999,1.0,6180.3,0,ATM,Debit,Doctor
215.13,46.0,114.0,1.0,3956.6899999999996,2,Online,Debit,Engineer
218.57,62.0,102.0,1.0,13869.86,0,Branch,Credit,Doctor
341.88,43.0,89.0,1.0,4159.52,2,ATM,Debit,Engineer
691.92,19.0,61.00000000000001,1.0,1084.65,1,Online,Debit,Student
50.43,32.0,51.00000000000001,1.0,9794.26,0,Branch,Debit,Doctor
440.43,78.0,22.999999999999996,1.0,5123.24,3,Branch,Debit,Retired
299.03,39.0,52.00000000000001,1.0,1381.28,2,Branch,Debit,Engineer
1.98,66.0,170.0,1.0,11619.1,0,ATM,Debit,Doctor
173.45,31.0,161.0,1.0,9077.62,2,ATM,Debit,Engineer
438.76,22.0,73.0,1.0,1824.19,1,Branch,Debit,Student
519.62,71.0,40.0,1.0,4159.33,3,Online,Credit,Retired
738.68,50.0,123.99999999999999,1.0,14352.33,0,Online,Debit,Doctor
151.14,64.0,37.99999999999999,1.0,2156.54,3,Online,Debit,Retired
75.77,51.0,148.0,1.0,8361.7,2,Branch,Debit,Engineer
444.52,27.0,17.0,1.0,5424.6,2,Online,Debit,Engineer
5.29,52.0,276.0,1.0,11263.89,0,Online,Debit,Doctor
97.63,48.0,127.0,1.0,12467.31,0,Online,Credit,Doctor
256.95,26.0,71.0,1.0,2531.24,2,Branch,Debit,Engineer
734.86,48.0,290.0,1.0,6242.03,2,Branch,Credit,Engineer
1250.94,36.0,107.0,2.0,11565.97,0,ATM,Debit,Doctor
84.28,39.0,142.0,1.0,13586.06,0,Branch,Debit,Doctor
927.45,24.0,95.0,1.0,1161.84,1,ATM,Debit,Student
202.49,48.0,69.00000000000001,1.0,7447.099999999999,2,ATM,Credit,Engineer
154.99,25.0,53.00000000000001,1.0,1419.31,1,Branch,Debit,Student
481.53,58.0,277.0,1.0,6142.54,3,Branch,Debit,Retired
172.92,20.0,212.0,1.0,416.37,1,Online,Debit,Student
275.59,53.0,238.0,1.0,6313.22,3,Branch,Credit,Retired
207.2,60.0,133.0,1.0,8092.9400000000005,2,Online,Debit,Engineer
136.82,31.0,14.0,1.0,6229.13,2,Branch,Debit,Engineer
624.0,26.0,132.0,5.0,4976.18,2,Branch,Debit,Engineer
179.38,30.0,28.0,1.0,8741.51,2,Online,Debit,Engineer
10.15,59.0,58.00000000000001,5.0,7155.04,0,ATM,Debit,Doctor
26.3,32.0,33.0,1.0,7473.73,0,ATM,Debit,Doctor
319.5,29.0,69.00000000000001,1.0,2366.3,2,Branch,Credit,Engineer
182.42,51.0,137.0,1.0,3051.29,3,Branch,Debit,Retired
716.62,44.0,241.0,1.0,6987.4,0,ATM,Debit,Doctor
222.96,65.0,150.0,1.0,7370.41,0,ATM,Credit,Doctor
79.77,68.0,167.0,1.0,5010.31,3,ATM,Debit,Retired
431.08,59.0,25.000000000000004,1.0,6760.22,3,Branch,Debit,Retired
592.24,52.0,140.0,1.0,9817.05,0,ATM,Debit,Doctor
200.19,52.0,107.99999999999999,1.0,4389.96,3,Branch,Credit,Retired
297.5,73.0,80.0,1.0,6768.14,3,Branch,Credit,Retired
345.86,51.0,145.0,1.0,1504.64,3,ATM,Debit,Retired
343.88,63.0,97.0,1.0,6486.18,3,Online,Debit,Retired
16.52,25.0,135.0,1.0,835.5299999999999,1,Online,Credit,Student
162.1,41.0,151.0,1.0,8576.65,2,Branch,Debit,Engineer
36.12,22.0,234.0,1.0,1593.03,1,Online,Debit,Student
354.91,74.0,191.0,1.0,3872.5500000000006,3,ATM,Debit,Retired
38.41,40.0,117.0,1.0,9129.68,0,ATM,Debit,Doctor
53.52,49.0,55.0,1.0,2227.49,2,Branch,Debit,Engineer
498.59,57.0,138.0,1.0,2619.46,3,Online,Debit,Retired
13.3,23.0,63.0,1.0,213.0,1,ATM,Debit,Student
189.65,21.0,60.00000000000001,1.0,8457.09,1,ATM,Debit,Student
255.32,80.0,26.999999999999996,1.0,6290.62,3,ATM,Debit,Retired
230.51,51.0,56.0,1.0,9522.37,2,Branch,Credit,Engineer
237.74,61.0,151.99999999999997,1.0,11795.12,0,ATM,Debit,Doctor
512.76,52.0,26.0,1.0,5121.36,0,ATM,Debit,Doctor
151.37,54.0,53.00000000000001,1.0,8356.08,2,ATM,Debit,Engineer
85.01,25.0,157.0,1.0,1299.4,1,ATM,Credit,Student
444.47,57.0,61.00000000000001,1.0,6062.94,3,Online,Debit,Retired
184.19,67.0,58.00000000000001,1.0,7588.67,3,ATM,Debit,Retired
879.25,24.0,137.0,1.0,125.84999999999998,1,Online,Credit,Student
55.98,24.0,87.0,1.0,7047.04,1,Branch,Credit,Student
54.91,41.0,275.0,1.0,7927.2699999999995,2,ATM,Credit,Engineer
1047.69,20.0,139.0,1.0,1889.7799999999997,1,Online,Debit,Student
393.74,26.0,90.0,1.0,1769.06,1,Online,Debit,Student
58.94,30.0,26.0,1.0,4575.98,2,Online,Debit,Engineer
515.57,27.0,56.0,1.0,9269.67,2,ATM,Debit,Engineer
332.15,59.0,105.0,1.0,9749.46,0,ATM,Debit,Doctor
177.94,19.0,173.0,1.0,123.23999999999998,1,Online,Debit,Student
68.68,49.0,141.0,1.0,4718.51,2,Online,Debit,Engineer
1431.54,20.0,84.00000000000001,1.0,1171.98,1,Online,Debit,Student
240.03,33.0,30.999999999999996,1.0,7807.73,2,Online,Debit,Engineer
168.34,64.0,240.0,1.0,7483.01,3,ATM,Debit,Retired
474.77,46.0,284.0,1.0,8494.53,2,Online,Debit,Engineer
451.7,29.0,103.0,1.0,8994.67,2,Online,Debit,Engineer
243.84999999999997,39.0,43.0,1.0,4576.78,2,Branch,Debit,Engineer
5.76,38.0,164.0,1.0,5859.79,2,Branch,Debit,Engineer
435.08,55.0,78.0,1.0,2103.41,2,Online,Debit,Engineer
127.78,20.0,170.0,1.0,1046.66,1,ATM,Debit,Student
23.14,47.0,93.0,1.0,10536.54,0,Online,Credit,Doctor
545.87,27.0,41.0,1.0,4860.01,2,Branch,Debit,Engineer
21.21,55.0,37.0,1.0,9575.42,2,Online,Debit,Engineer
423.53,50.0,81.0,1.0,5453.4,0,Branch,Credit,Doctor
142.1,18.0,109.0,1.0,1545.64,1,Online,Credit,Student
1413.24,58.0,199.0,1.0,7272.01,2,ATM,Debit,Engineer
114.15,19.0,52.00000000000001,1.0,1612.4,1,ATM,Debit,Student
275.98,72.0,67.0,1.0,6151.05,3,Online,Credit,Retired
590.68,27.0,22.999999999999996,1.0,852.1999999999999,1,Branch,Debit,Student
152.42,42.0,176.0,1.0,9141.79,0,ATM,Debit,Doctor
395.77,43.0,118.0,1.0,6425.99,0,Branch,Credit,Doctor
615.16,26.0,140.0,1.0,214.61,1,Online,Debit,Student
207.82,19.0,30.0,1.0,229.02,1,Online,Credit,Student
220.52,57.0,151.99999999999997,1.0,1793.09,3,ATM,Debit,Retired
281.47,34.0,142.0,1.0,4437.48,2,ATM,Debit,Engineer
57.91,58.0,97.0,1.0,3641.06,2,Branch,Credit,Engineer
30.48,32.0,78.0,1.0,11481.85,0,Branch,Credit,Doctor
1152.58,65.0,180.0,1.0,7567.17,3,Branch,Debit,Retired
453.09,48.0,97.0,1.0,6708.65,0,Branch,Debit,Doctor
424.47,22.0,116.00000000000001,1.0,5491.55,1,Online,Debit,Student
228.4,67.0,116.00000000000001,1.0,9598.43,0,ATM,Debit,Doctor
67.17,63.0,48.0,1.0,14410.44,0,Online,Debit,Doctor
284.89,53.0,115.0,1.0,9738.6,0,Online,Debit,Doctor
118.69,33.0,296.0,1.0,749.3399999999999,0,Online,Debit,Doctor
221.33,27.0,276.0,1.0,1185.43,1,ATM,Debit,Student
252.31,26.0,172.0,1.0,1584.6,1,ATM,Credit,Student
58.85,71.0,115.0,1.0,1789.8,3,Online,Credit,Retired
194.68,32.0,165.0,1.0,14494.18,0,Online,Debit,Doctor
433.53,38.0,231.0,1.0,6368.32,0,Branch,Debit,Doctor
178.26,59.0,59.00000000000001,1.0,1137.13,3,ATM,Debit,Retired
207.65,34.0,98.0,1.0,5143.8,2,Online,Debit,Engineer
237.0,49.0,115.0,1.0,14021.4,0,Online,Debit,Doctor
1169.59,28.0,114.0,1.0,5946.45,1,Online,Debit,Student
347.63,25.0,272.0,1.0,1400.04,1,Online,Credit,Student
517.68,31.0,24.0,1.0,11305.81,0,ATM,Debit,Doctor
36.25,52.0,75.99999999999999,1.0,193.06,0,Branch,Debit,Doctor
46.53,42.0,34.0,1.0,4468.12,2,ATM,Debit,Engineer
207.47,53.0,12.0,1.0,1688.9,0,ATM,Debit,Doctor
199.7,43.0,285.0,1.0,7574.449999999999,2,ATM,Debit,Engineer
307.89,62.0,90.0,1.0,2637.55,3,Online,Credit,Retired
403.63,31.0,167.0,3.0,3304.02,2,Branch,Debit,Engineer
20.06,27.0,144.0,1.0,445.21,1,ATM,Debit,Student
236.57,79.0,112.0,1.0,3488.77,3,ATM,Debit,Retired
0.32,39.0,136.0,1.0,7158.58,2,ATM,Debit,Engineer
14.28,23.0,81.0,1.0,1597.51,1,ATM,Debit,Student
232.35,33.0,153.0,1.0,4186.25,2,Branch,Credit,Engineer
317.53,44.0,104.0,1.0,6237.68,2,Online,Debit,Engineer
74.67,43.0,283.0,1.0,3449.35,2,ATM,Debit,Engineer
65.01,29.0,67.0,1.0,10235.19,0,Online,Credit,Doctor
0.45,34.0,172.0,1.0,8670.23,2,Branch,Debit,Engineer
364.13,63.0,61.00000000000001,1.0,8198.0,0,ATM,Debit,Doctor
340.13,24.0,32.0,3.0,1149.74,1,Branch,Debit,Student
15.810000000000002,69.0,11.0,4.0,8384.85,0,Branch,Debit,Doctor
222.66,39.0,88.0,1.0,14466.38,0,Online,Debit,Doctor
638.24,48.0,64.0,1.0,5695.78,2,Branch,Debit,Engineer
241.21,31.0,107.99999999999999,1.0,1220.86,2,ATM,Debit,Engineer
171.16,51.0,42.00000000000001,1.0,6126.5,3,Online,Debit,Retired
1360.67,29.0,118.0,1.0,2861.65,2,Branch,Debit,Engineer
37.65,27.0,109.0,1.0,411.78,1,Online,Credit,Student
25.77,68.0,18.0,1.0,4331.54,3,Online,Debit,Retired
789.8,40.0,94.0,1.0,13948.09,0,ATM,Debit,Doctor
308.85,20.0,33.0,2.0,333.19,1,Branch,Credit,Student
1454.52,27.0,20.0,1.0,1189.03,1,ATM,Debit,Student
806.97,25.0,11.0,1.0,102.2,1,Online,Debit,Student
364.81,25.0,53.00000000000001,1.0,1145.23,1,Online,Debit,Student
490.82,26.0,114.0,1.0,8704.27,2,ATM,Debit,Engineer
1021.3799999999999,61.0,125.0,1.0,6223.26,0,Branch,Debit,Doctor
311.28,49.0,198.0,1.0,135.96,0,Branch,Debit,Doctor
85.03,51.0,48.0,1.0,4597.57,3,ATM,Debit,Retired
307.75,64.0,63.0,1.0,1061.58,0,Branch,Debit,Doctor
333.67,36.0,68.00000000000001,1.0,9238.08,2,Online,Debit,Engineer
589.89,56.0,213.0,3.0,9404.63,2,Branch,Debit,Engineer
372.08,66.0,63.0,1.0,13330.74,0,Branch,Debit,Doctor
502.9,26.0,141.0,1.0,341.24,1,Online,Credit,Student
103.81,36.0,34.0,1.0,7044.63,0,ATM,Debit,Doctor
69.43,30.0,162.0,1.0,9281.85,2,ATM,Debit,Engineer
110.4,56.0,61.99999999999999,1.0,8639.36,0,ATM,Credit,Doctor
275.65,28.0,14.0,1.0,4957.57,2,Branch,Credit,Engineer
336.01,63.0,121.0,4.0,9938.2,0,Online,Debit,Doctor
251.8,62.0,102.0,1.0,11796.66,0,ATM,Debit,Doctor
334.07,59.0,200.00000000000003,1.0,7306.79,2,Branch,Debit,Engineer
52.44,27.0,87.0,1.0,3157.75,1,Online,Debit,Student
1030.85,25.0,39.0,1.0,1941.8,1,ATM,Debit,Student
141.37,46.0,77.0,1.0,1019.7699999999999,2,Online,Debit,Engineer
211.7,50.0,205.0,1.0,12272.78,0,Online,Credit,Doctor
61.39999999999999,41.0,20.0,2.0,7892.87,2,Branch,Debit,Engineer
308.23,60.0,22.999999999999996,1.0,4150.63,3,ATM,Debit,Retired
111.41,21.0,181.0,1.0,1204.11,1,Branch,Debit,Student
675.49,61.0,159.0,1.0,1892.9999999999998,3,ATM,Debit,Retired
29.72,26.0,37.99999999999999,1.0,1059.62,1,ATM,Debit,Student
301.73,67.0,163.0,1.0,990.7399999999999,0,Online,Debit,Doctor
294.61,60.0,74.0,1.0,7375.59,3,Branch,Debit,Retired
106.43,52.0,164.0,1.0,9403.12,2,ATM,Credit,Engineer
381.52,36.0,79.0,1.0,5798.92,0,Online,Debit,Doctor
1142.76,25.0,71.0,1.0,1498.93,1,Online,Credit,Student
5.66,40.0,33.0,1.0,5434.64,2,Branch,Debit,Engineer
209.09,48.0,203.0,1.0,9100.81,0,ATM,Debit,Doctor
521.81,47.0,34.0,1.0,4750.96,2,ATM,Debit,Engineer
588.36,33.0,134.0,1.0,8434.99,2,Online,Debit,Engineer
146.67,20.0,273.0,1.0,1569.75,1,Online,Debit,Student
176.52,73.0,94.0,5.0,7132.08,3,Online,Credit,Retired
57.34,27.0,81.0,1.0,1100.64,1,Online,Debit,Student
294.77,77.0,101.0,1.0,2272.17,3,Online,Debit,Retired
881.32,31.0,59.00000000000001,1.0,2287.93,2,Online,Debit,Engineer
162.59,64.0,18.999999999999996,1.0,7104.83,3,Branch,Debit,Retired
56.15,31.0,77.0,1.0,13265.92,0,Branch,Debit,Doctor
524.55,39.0,175.0,1.0,8292.75,0,ATM,Debit,Doctor
535.4,23.0,110.0,1.0,651.8399999999999,1,Branch,Debit,Student
56.84,45.0,185.0,1.0,7977.78,2,ATM,Debit,Engineer
135.94,71.0,258.0,1.0,4710.21,3,Branch,Debit,Retired
47.1,42.0,178.0,1.0,6308.07,0,Branch,Credit,Doctor
124.05,61.0,220.0,1.0,7009.54,0,Branch,Credit,Doctor
802.89,19.0,175.0,1.0,1973.63,1,ATM,Debit,Student
193.16,64.0,109.0,1.0,2304.56,3,ATM,Debit,Retired
541.52,48.0,161.0,1.0,6087.24,2,Branch,Credit,Engineer
20.17,77.0,86.0,1.0,3869.3699999999994,3,ATM,Debit,Retired
35.98,40.0,133.0,1.0,11147.34,0,Branch,Credit,Doctor
273.24,51.0,173.0,1.0,2202.21,3,Branch,Debit,Retired
663.45,67.0,147.0,1.0,5897.29,3,ATM,Debit,Retired
343.86,57.0,70.0,1.0,3278.65,2,Branch,Debit,Engineer
69.38,69.0,280.0,2.0,12072.11,0,Branch,Debit,Doctor
75.43,77.0,266.0,1.0,1441.86,3,ATM,Debit,Retired
414.64,32.0,74.0,1.0,7253.22,0,Branch,Debit,Doctor
86.79,33.0,166.0,1.0,8795.37,0,Branch,Debit,Doctor
1105.88,34.0,36.0,1.0,2636.32,2,ATM,Debit,Engineer
14.1,45.0,73.0,1.0,6949.21,2,Branch,Debit,Engineer
63.330000000000005,23.0,123.99999999999999,1.0,792.33,1,Branch,Credit,Student
606.27,29.0,42.00000000000001,1.0,9668.78,0,Branch,Debit,Doctor
4.47,27.0,132.0,1.0,1381.75,1,Branch,Debit,Student
289.01,66.0,96.0,1.0,4226.26,3,Online,Debit,Retired
338.69,18.0,169.0,1.0,1137.89,1,Branch,Debit,Student
97.73,69.0,156.0,1.0,7885.209999999999,0,Branch,Debit,Doctor
1021.16,20.0,104.0,1.0,9427.06,1,ATM,Debit,Student
27.61,54.0,26.0,1.0,3679.64,3,ATM,Credit,Retired
284.17,51.0,189.0,1.0,3479.56,3,ATM,Debit,Retired
76.21,22.0,69.00000000000001,1.0,664.9299999999998,1,Branch,Debit,Student
334.79,69.0,292.0,1.0,624.0899999999999,0,Branch,Credit,Doctor
584.51,74.0,75.99999999999999,1.0,3254.56,3,ATM,Debit,Retired
432.18,18.0,162.0,1.0,678.8299999999999,1,Branch,Debit,Student
134.55,59.0,165.0,1.0,14852.42,0,Online,Debit,Doctor
61.66,26.0,86.0,1.0,5705.4,1,ATM,Debit,Student
12.35,25.0,22.0,1.0,1846.85,1,Branch,Debit,Student
213.25,25.0,63.0,1.0,677.7899999999998,1,Branch,Debit,Student
34.93,31.0,72.0,1.0,2810.37,2,Branch,Debit,Engineer
959.48,67.0,36.0,1.0,10631.43,0,Branch,Debit,Doctor
335.68,24.0,142.0,1.0,1188.95,1,Online,Debit,Student
423.96,43.0,75.0,1.0,8374.38,0,ATM,Debit,Doctor
361.38,72.0,71.0,3.0,4972.92,3,Online,Credit,Retired
220.82,42.0,30.999999999999996,1.0,4298.13,2,Branch,Debit,Engineer
717.36,22.0,138.0,1.0,514.88,1,Online,Credit,Student
406.12,42.0,106.0,1.0,10501.53,0,ATM,Debit,Doctor
427.83,47.0,29.000000000000004,1.0,3293.06,2,ATM,Debit,Engineer
416.62,26.0,67.0,1.0,9700.9,1,Online,Credit,Student
21.9,28.0,30.0,1.0,1052.27,1,ATM,Debit,Student
717.74,42.0,168.00000000000003,1.0,8375.16,2,Online,Credit,Engineer
393.68,55.0,141.0,1.0,10135.88,0,ATM,Debit,Doctor
281.91,25.0,269.0,1.0,225.53,1,Branch,Debit,Student
239.85,70.0,50.00000000000001,1.0,1477.63,3,ATM,Debit,Retired
237.84,26.0,16.0,1.0,8932.39,1,Branch,Debit,Student
459.29,64.0,109.0,1.0,1006.12,3,Online,Credit,Retired
196.49,41.0,65.0,1.0,7516.560000000001,2,Branch,Debit,Engineer
21.23,23.0,103.0,4.0,319.18,1,ATM,Debit,Student
95.23,20.0,60.00000000000001,3.0,966.8799999999999,1,Online,Debit,Student
344.87,58.0,25.000000000000004,1.0,7447.44,3,Branch,Debit,Retired
129.62,23.0,123.99999999999999,1.0,620.28,1,ATM,Credit,Student
16.53,21.0,220.0,1.0,707.95,1,ATM,Debit,Student
277.02,46.0,227.0,1.0,8586.38,0,ATM,Credit,Doctor
13.02,51.0,42.00000000000001,1.0,6076.45,0,Branch,Debit,Doctor
199.02,22.0,185.0,1.0,793.6299999999999,1,ATM,Debit,Student
684.5,29.0,75.99999999999999,1.0,6258.63,0,Branch,Debit,Doctor
1173.74,61.0,61.00000000000001,1.0,10456.24,0,Online,Credit,Doctor
45.92,26.0,22.999999999999996,1.0,544.56,1,ATM,Debit,Student
761.73,19.0,26.999999999999996,1.0,151.28,1,ATM,Debit,Student
331.38,42.0,122.0,1.0,844.5499999999998,2,ATM,Debit,Engineer
602.8,60.0,173.0,1.0,7417.69,3,Branch,Debit,Retired
64.12,57.0,222.0,1.0,1029.09,0,Branch,Credit,Doctor
57.38,28.0,86.0,1.0,899.5199999999999,1,Online,Debit,Student
94.64,28.0,144.0,1.0,586.76,1,ATM,Credit,Student
155.56,19.0,64.0,1.0,129.79,1,Branch,Credit,Student
301.39,47.0,104.0,1.0,10548.58,0,Online,Credit,Doctor
136.31,74.0,65.0,1.0,4384.95,3,Online,Debit,Retired
4.39,26.0,63.0,1.0,1429.61,1,ATM,Debit,Student
429.25,29.0,107.0,1.0,5019.68,2,Online,Debit,Engineer
138.54,60.0,93.0,1.0,8274.77,2,Branch,Credit,Engineer
33.03,21.0,28.0,1.0,935.8800000000001,1,Branch,Debit,Student
76.39,30.0,80.0,1.0,11584.32,0,Online,Debit,Doctor
25.32,19.0,25.000000000000004,1.0,1642.34,1,ATM,Debit,Student
330.91,36.0,28.0,1.0,6481.35,2,ATM,Debit,Engineer
153.55,37.0,16.0,1.0,5619.91,0,Online,Debit,Doctor
217.61,27.0,120.0,1.0,1661.1,1,Online,Debit,Student
131.69,53.0,59.00000000000001,1.0,2958.43,2,Branch,Credit,Engineer
953.17,60.0,84.00000000000001,1.0,3506.11,3,Online,Debit,Retired
68.49,67.0,49.0,1.0,6683.31,3,Online,Debit,Retired
1493.0,69.0,151.0,1.0,1619.16,3,ATM,Debit,Retired
470.62,57.0,127.0,1.0,12470.62,0,Branch,Debit,Doctor
385.35,38.0,269.0,1.0,5184.13,0,Branch,Debit,Doctor
74.72,26.0,132.0,1.0,165.75,1,Online,Debit,Student
352.03,27.0,219.0,1.0,4846.68,1,Online,Credit,Student
275.87,25.0,112.0,1.0,1697.58,1,ATM,Debit,Student
90.94,63.0,56.0,1.0,3896.08,3,ATM,Credit,Retired
206.25,74.0,56.0,1.0,3651.07,3,ATM,Debit,Retired
116.76,51.0,212.0,1.0,4480.43,2,ATM,Debit,Engineer
91.5,47.0,77.0,1.0,667.6599999999999,0,ATM,Debit,Doctor
489.31000000000006,43.0,36.0,1.0,5595.22,2,Branch,Debit,Engineer
1664.33,18.0,65.0,1.0,1588.31,1,Branch,Debit,Student
414.49,58.0,107.99999999999999,1.0,12709.58,0,Online,Credit,Doctor
315.13,30.0,143.0,1.0,6570.94,2,Branch,Debit,Engineer
28.38,45.0,260.0,1.0,8892.62,0,Branch,Debit,Doctor
456.05,68.0,20.0,1.0,11729.51,0,Branch,Debit,Doctor
277.22,35.0,41.0,1.0,12104.51,0,Branch,Debit,Doctor
54.84,52.0,123.99999999999999,1.0,3495.51,3,Online,Debit,Retired
29.92,68.0,63.0,1.0,7855.01,0,Online,Credit,Doctor
133.06,35.0,143.0,1.0,8843.44,2,Online,Debit,Engineer
332.06,29.0,221.0,4.0,11826.52,0,ATM,Debit,Doctor
14.34,67.0,24.0,1.0,7932.509999999999,3,Online,Credit,Retired
468.32,69.0,151.99999999999997,1.0,4710.04,3,Online,Debit,Retired
582.17,57.0,135.0,1.0,7310.83,2,Branch,Debit,Engineer
245.62,23.0,127.0,1.0,1879.8200000000002,1,Branch,Debit,Student
981.9,43.0,112.0,1.0,9018.33,0,Online,Credit,Doctor
83.6,47.0,192.0,1.0,13899.24,0,ATM,Debit,Doctor
331.22,61.0,161.0,1.0,12613.25,0,Branch,Credit,Doctor
57.49,24.0,177.0,1.0,765.1499999999999,1,Online,Credit,Student
85.58,55.0,60.00000000000001,1.0,7794.84,2,ATM,Debit,Engineer
157.56,43.0,159.0,1.0,7541.160000000001,0,Branch,Debit,Doctor
230.3,46.0,24.0,1.0,8356.88,2,Online,Debit,Engineer
305.92,72.0,88.0,1.0,1445.47,3,ATM,Debit,Retired
942.7,35.0,29.000000000000004,1.0,5141.32,2,Online,Debit,Engineer
116.33,27.0,144.0,1.0,1696.15,1,Branch,Debit,Student
537.71,19.0,175.0,1.0,1806.08,1,Online,Credit,Student
538.17,27.0,252.0,1.0,5908.04,2,Branch,Credit,Engineer
219.44,42.0,22.999999999999996,1.0,4207.27,2,Online,Debit,Engineer
61.62,57.0,18.999999999999996,1.0,8365.37,0,Online,Debit,Doctor
58.77,27.0,191.0,1.0,7261.7,2,Online,Debit,Engineer
538.13,62.0,165.0,1.0,5008.59,3,ATM,Debit,Retired
177.05,24.0,235.0,1.0,4287.82,1,Branch,Debit,Student
403.01,63.0,286.0,3.0,10513.52,0,Online,Debit,Doctor
719.76,19.0,190.0,1.0,690.5199999999999,1,Branch,Debit,Student
163.22,26.0,217.0,1.0,1788.27,1,Online,Debit,Student
242.85,42.0,93.0,1.0,4672.8,2,Online,Debit,Engineer
291.22,41.0,100.00000000000001,1.0,3677.63,2,Online,Credit,Engineer
56.52,42.0,151.99999999999997,1.0,6911.2,2,ATM,Debit,Engineer
195.8,39.0,186.0,1.0,12027.68,0,Online,Debit,Doctor
66.76,36.0,44.0,1.0,184.72,0,Branch,Credit,Doctor
190.9,28.0,40.0,1.0,101.25,1,Online,Debit,Student
106.99,38.0,151.99999999999997,1.0,5771.4,2,Branch,Debit,Engineer
655.81,55.0,164.0,2.0,4539.99,3,ATM,Debit,Retired
107.1,25.0,175.0,1.0,193.8,1,Online,Credit,Student
79.92,44.0,274.0,2.0,9138.76,2,ATM,Debit,Engineer
430.83,18.0,292.0,1.0,941.4899999999999,1,Branch,Debit,Student
235.34,26.0,68.00000000000001,1.0,566.83,1,Branch,Debit,Student
86.35,52.0,24.0,1.0,1550.48,3,Branch,Credit,Retired
337.99,70.0,115.0,1.0,9038.63,0,ATM,Debit,Doctor
577.13,40.0,66.0,1.0,6640.51,2,Branch,Credit,Engineer
213.33,52.0,161.0,1.0,5400.44,3,ATM,Debit,Retired
54.52,32.0,164.0,1.0,6980.98,0,Branch,Debit,Doctor
100.13,57.0,168.00000000000003,1.0,5209.16,0,Branch,Debit,Doctor
883.92,53.0,129.0,1.0,2342.64,3,Online,Credit,Retired
69.8,27.0,138.0,1.0,136.77,1,Branch,Credit,Student
768.94,64.0,53.00000000000001,1.0,6860.18,3,Branch,Debit,Retired
179.62,24.0,119.0,1.0,409.26,1,Online,Debit,Student
425.91,23.0,47.0,1.0,383.58,1,ATM,Debit,Student
263.34,64.0,55.0,1.0,2411.02,3,ATM,Debit,Retired
113.03,36.0,12.0,1.0,6756.13,0,Online,Credit,Doctor
11.02,42.0,42.00000000000001,1.0,7879.66,0,Online,Debit,Doctor
865.17,24.0,161.0,1.0,9297.5,1,Branch,Debit,Student
152.0,51.0,63.0,1.0,7531.429999999999,2,ATM,Debit,Engineer
270.39,25.0,104.0,1.0,899.15,1,ATM,Debit,Student
246.40999999999997,54.0,22.999999999999996,1.0,1431.6,3,ATM,Debit,Retired
336.84,22.0,100.00000000000001,1.0,4500.26,1,ATM,Debit,Student
261.45,50.0,96.0,1.0,6735.74,2,Online,Credit,Engineer
99.98,73.0,151.99999999999997,1.0,3037.97,3,Online,Credit,Retired
400.69,32.0,26.0,1.0,9040.33,2,Online,Debit,Engineer
411.47,26.0,120.0,1.0,796.63,1,ATM,Debit,Student
204.63,52.0,91.99999999999999,1.0,9199.52,2,Online,Debit,Engineer
421.56,53.0,144.0,1.0,8037.870000000001,2,Online,Debit,Engineer
193.38,18.0,285.0,1.0,1081.79,1,ATM,Debit,Student
377.04,34.0,64.0,1.0,3812.87,2,ATM,Debit,Engineer
54.1,28.0,17.0,1.0,940.91,2,Branch,Credit,Engineer
18.1,57.0,66.0,1.0,6474.34,3,ATM,Debit,Retired
408.62,48.0,159.0,1.0,2498.48,2,Online,Credit,Engineer
162.1,64.0,221.0,1.0,9578.74,0,Branch,Debit,Doctor
165.31,49.0,28.0,1.0,7346.66,0,ATM,Debit,Doctor
267.48,21.0,159.0,2.0,811.86,1,ATM,Debit,Student
856.9,36.0,150.0,1.0,8579.69,2,Branch,Debit,Engineer
433.9,65.0,37.0,1.0,9013.1,0,Online,Debit,Doctor
271.22,45.0,87.0,1.0,6863.02,0,ATM,Credit,Doctor
307.68,75.0,162.0,1.0,2052.84,3,Online,Credit,Retired
348.17,21.0,181.0,1.0,1887.84,1,ATM,Debit,Student
43.1,25.0,102.0,1.0,6944.9,1,Branch,Debit,Student
557.78,26.0,102.0,1.0,1289.48,1,Branch,Credit,Student
325.6,69.0,88.0,1.0,13777.1,0,ATM,Debit,Doctor
235.83,53.0,169.0,1.0,4120.75,2,Online,Credit,Engineer
603.54,44.0,26.0,1.0,10517.47,0,Online,Debit,Doctor
270.25,31.0,42.00000000000001,1.0,5414.97,2,ATM,Debit,Engineer
123.38,59.0,40.0,1.0,13542.41,0,Online,Debit,Doctor
577.12,39.0,69.00000000000001,1.0,5265.88,2,ATM,Debit,Engineer
92.24,60.0,93.0,1.0,6937.48,2,Branch,Debit,Engineer
856.21,33.0,109.0,1.0,12690.79,0,Branch,Credit,Doctor
251.54000000000002,48.0,177.0,1.0,254.75,0,Branch,Debit,Doctor
28.63,56.0,146.0,1.0,3382.91,3,Branch,Debit,Retired
185.97,23.0,18.999999999999996,1.0,1776.91,1,Online,Debit,Student
243.08000000000004,24.0,93.0,1.0,131.25,1,Online,Credit,Student
